dteday,season,yr,mnth,holiday,weekday,workingday,weathersit,temp,atemp,hum,windspeed,casual,registered,cnt,day_type,temp_bin,casual_share
2011-01-01,Dingin,2011,1,0,Sabtu,0,Berkabut/Mendung,14.110847,18.18125,80.58330000000001,10.749882,331,654,985,Akhir Pekan/Libur,Sejuk (10-20°C),33.60406091370559
2011-01-02,Dingin,2011,1,0,Minggu,0,Berkabut/Mendung,14.902598000000001,17.686950000000003,69.6087,16.652113,131,670,801,Akhir Pekan/Libur,Sejuk (10-20°C),16.354556803995006
2011-01-03,Dingin,2011,1,0,Senin,1,Cerah/Berawan,8.050924,9.47025,43.7273,16.636703,120,1229,1349,Hari Kerja,Dingin (<10°C),8.895478131949593
2011-01-04,Dingin,2011,1,0,Selasa,1,Cerah/Berawan,8.200000000000001,10.6061,59.0435,10.739832,108,1454,1562,Hari Kerja,Dingin (<10°C),6.9142125480153656
2011-01-05,Dingin,2011,1,0,Rabu,1,Cerah/Berawan,9.305237,11.4635,43.695699999999995,12.522300000000001,82,1518,1600,Hari Kerja,Dingin (<10°C),5.125
2011-01-06,Dingin,2011,1,0,Kamis,1,Cerah/Berawan,8.378268,11.66045,51.8261,6.0008684,88,1518,1606,Hari Kerja,Dingin (<10°C),5.47945205479452
2011-01-07,Dingin,2011,1,0,Jumat,1,Berkabut/Mendung,8.057402,10.44195,49.8696,11.304642,148,1362,1510,Hari Kerja,Dingin (<10°C),9.801324503311259
2011-01-08,Dingin,2011,1,0,Sabtu,0,Berkabut/Mendung,6.765000000000001,8.1127,53.5833,17.875868,68,891,959,Akhir Pekan/Libur,Dingin (<10°C),7.090719499478623
2011-01-09,Dingin,2011,1,0,Minggu,0,Cerah/Berawan,5.671653,5.80875,43.416700000000006,24.25065,54,768,822,Akhir Pekan/Libur,Dingin (<10°C),6.569343065693431
2011-01-10,Dingin,2011,1,0,Senin,1,Cerah/Berawan,6.184153,7.5443999999999996,48.2917,14.958889,41,1280,1321,Hari Kerja,Dingin (<10°C),3.1037093111279335
2011-01-11,Dingin,2011,1,0,Selasa,1,Berkabut/Mendung,6.9327309999999995,9.5732,68.6364,8.182844000000001,43,1220,1263,Hari Kerja,Dingin (<10°C),3.4045922406967537
2011-01-12,Dingin,2011,1,0,Rabu,1,Cerah/Berawan,7.0818069999999995,8.02365,59.954499999999996,20.410009,25,1137,1162,Hari Kerja,Dingin (<10°C),2.1514629948364887
2011-01-13,Dingin,2011,1,0,Kamis,1,Cerah/Berawan,6.765000000000001,7.544149999999999,47.0417,20.166999999999998,38,1368,1406,Hari Kerja,Dingin (<10°C),2.7027027027027026
2011-01-14,Dingin,2011,1,0,Jumat,1,Cerah/Berawan,6.59567,9.42065,53.7826,8.478716,54,1367,1421,Hari Kerja,Dingin (<10°C),3.8001407459535534
2011-01-15,Dingin,2011,1,0,Sabtu,0,Berkabut/Mendung,9.566653,12.4056,49.875,10.583521,222,1026,1248,Akhir Pekan/Libur,Dingin (<10°C),17.78846153846154
2011-01-16,Dingin,2011,1,0,Minggu,0,Cerah/Berawan,9.498347,11.71085,48.375,12.625010999999999,251,953,1204,Akhir Pekan/Libur,Dingin (<10°C),20.84717607973422
2011-01-17,Dingin,2011,1,1,Senin,0,Berkabut/Mendung,7.209153,8.838550000000001,53.75,12.999139,117,883,1000,Akhir Pekan/Libur,Dingin (<10°C),11.700000000000001
2011-01-18,Dingin,2011,1,0,Selasa,1,Berkabut/Mendung,8.883347,11.61665,86.16669999999999,9.833924999999999,9,674,683,Hari Kerja,Dingin (<10°C),1.3177159590043925
2011-01-19,Dingin,2011,1,0,Rabu,1,Berkabut/Mendung,11.979134,14.921100000000001,74.1739,13.957239,78,1572,1650,Hari Kerja,Sejuk (10-20°C),4.7272727272727275
2011-01-20,Dingin,2011,1,0,Kamis,1,Berkabut/Mendung,10.728347,12.7525,53.833299999999994,13.125568,83,1844,1927,Hari Kerja,Sejuk (10-20°C),4.307213284898807
2011-01-21,Dingin,2011,1,0,Jumat,1,Cerah/Berawan,7.2775,7.89165,45.7083,23.667214,75,1468,1543,Hari Kerja,Dingin (<10°C),4.860661049902787
2011-01-22,Dingin,2011,1,0,Sabtu,0,Cerah/Berawan,2.4243464,3.9534800000000003,40.0,11.52199,93,888,981,Akhir Pekan/Libur,Dingin (<10°C),9.480122324159021
2011-01-23,Dingin,2011,1,0,Minggu,0,Cerah/Berawan,3.9573897000000002,4.941955,43.6522,16.5222,150,836,986,Akhir Pekan/Libur,Dingin (<10°C),15.212981744421908
2011-01-24,Dingin,2011,1,0,Senin,1,Cerah/Berawan,3.9930433,5.8965,49.173899999999996,10.60811,86,1330,1416,Hari Kerja,Dingin (<10°C),6.073446327683616
2011-01-25,Dingin,2011,1,0,Selasa,1,Berkabut/Mendung,9.162598000000001,11.7263,61.695699999999995,8.696332,186,1799,1985,Hari Kerja,Dingin (<10°C),9.370277078085643
2011-01-26,Dingin,2011,1,0,Rabu,1,Hujan/Salju Ringan,8.9175,10.18,86.25,19.68795,34,472,506,Hari Kerja,Dingin (<10°C),6.719367588932807
2011-01-27,Dingin,2011,1,0,Kamis,1,Cerah/Berawan,7.995,10.985,68.75,7.627078999999999,15,416,431,Hari Kerja,Dingin (<10°C),3.480278422273782
2011-01-28,Dingin,2011,1,0,Jumat,1,Berkabut/Mendung,8.342597999999999,11.165849999999999,79.30430000000001,8.2611,38,1129,1167,Hari Kerja,Dingin (<10°C),3.2562125107112254
2011-01-29,Dingin,2011,1,0,Sabtu,0,Cerah/Berawan,8.057402,10.606300000000001,65.17389999999999,9.739455,123,975,1098,Akhir Pekan/Libur,Dingin (<10°C),11.202185792349727
2011-01-30,Dingin,2011,1,0,Minggu,0,Cerah/Berawan,8.877402,12.5161,72.2174,4.956834199999999,140,956,1096,Akhir Pekan/Libur,Dingin (<10°C),12.773722627737227
2011-01-31,Dingin,2011,1,0,Senin,1,Berkabut/Mendung,7.414153,9.3125,60.375,12.541864,42,1459,1501,Hari Kerja,Dingin (<10°C),2.798134576948701
2011-02-01,Dingin,2011,2,0,Selasa,1,Berkabut/Mendung,7.8791340000000005,11.7265,82.9565,3.565271,47,1313,1360,Hari Kerja,Dingin (<10°C),3.4558823529411766
2011-02-02,Dingin,2011,2,0,Rabu,1,Berkabut/Mendung,10.66,12.72085,77.5417,17.708636,72,1454,1526,Hari Kerja,Sejuk (10-20°C),4.718217562254259
2011-02-03,Dingin,2011,2,0,Kamis,1,Cerah/Berawan,7.665237,8.8939,43.7826,18.609384,61,1489,1550,Hari Kerja,Dingin (<10°C),3.9354838709677415
2011-02-04,Dingin,2011,2,0,Jumat,1,Berkabut/Mendung,8.663464,11.429350000000001,58.521699999999996,8.565213,88,1620,1708,Hari Kerja,Dingin (<10°C),5.152224824355972
2011-02-05,Dingin,2011,2,0,Sabtu,0,Berkabut/Mendung,9.566653,12.152899999999999,92.91669999999999,10.792293,100,905,1005,Akhir Pekan/Libur,Dingin (<10°C),9.950248756218906
2011-02-06,Dingin,2011,2,0,Minggu,0,Cerah/Berawan,11.719153,14.58355,56.833299999999994,9.5006,354,1269,1623,Akhir Pekan/Libur,Sejuk (10-20°C),21.811460258780038
2011-02-07,Dingin,2011,2,0,Senin,1,Cerah/Berawan,11.138347,15.1829,73.83330000000001,3.0423561,120,1592,1712,Hari Kerja,Sejuk (10-20°C),7.009345794392523
2011-02-08,Dingin,2011,2,0,Selasa,1,Cerah/Berawan,9.054153,9.9123,53.7917,24.25065,64,1466,1530,Hari Kerja,Dingin (<10°C),4.183006535947712
2011-02-09,Dingin,2011,2,0,Rabu,1,Berkabut/Mendung,5.526102999999999,7.21415,49.4783,12.652213,53,1552,1605,Hari Kerja,Dingin (<10°C),3.3021806853582554
2011-02-10,Dingin,2011,2,0,Kamis,1,Cerah/Berawan,5.918268,7.477399999999999,43.7391,14.869645,47,1491,1538,Hari Kerja,Dingin (<10°C),3.05591677503251
2011-02-11,Dingin,2011,2,0,Jumat,1,Cerah/Berawan,7.752731000000001,10.67545,50.6364,7.272849999999999,149,1597,1746,Hari Kerja,Dingin (<10°C),8.533791523482245
2011-02-12,Dingin,2011,2,0,Sabtu,0,Cerah/Berawan,9.1225,11.6477,54.4167,13.625589,288,1184,1472,Akhir Pekan/Libur,Dingin (<10°C),19.565217391304348
2011-02-13,Dingin,2011,2,0,Minggu,0,Cerah/Berawan,12.977402000000001,16.20565,45.7391,17.479160999999998,397,1192,1589,Akhir Pekan/Libur,Sejuk (10-20°C),24.984266834487098
2011-02-14,Dingin,2011,2,0,Senin,1,Cerah/Berawan,17.015,19.9175,37.583299999999994,27.999836,208,1705,1913,Hari Kerja,Sejuk (10-20°C),10.872974385781495
2011-02-15,Dingin,2011,2,0,Selasa,1,Cerah/Berawan,10.909567000000001,12.7137,31.434800000000003,19.522058,140,1675,1815,Hari Kerja,Sejuk (10-20°C),7.7134986225895315
2011-02-16,Dingin,2011,2,0,Rabu,1,Cerah/Berawan,13.048701000000001,15.809999999999999,42.3478,16.869996999999998,218,1897,2115,Hari Kerja,Sejuk (10-20°C),10.307328605200945
2011-02-17,Dingin,2011,2,0,Kamis,1,Cerah/Berawan,17.869153,21.4329,50.5,15.416968,259,2216,2475,Hari Kerja,Sejuk (10-20°C),10.464646464646464
2011-02-18,Dingin,2011,2,0,Jumat,1,Cerah/Berawan,21.388347,25.599149999999998,51.6667,17.749975000000003,579,2348,2927,Hari Kerja,Hangat (20-30°C),19.781346088144858
2011-02-19,Dingin,2011,2,0,Sabtu,0,Cerah/Berawan,16.365847,19.5702,18.7917,34.000021,532,1103,1635,Akhir Pekan/Libur,Sejuk (10-20°C),32.53822629969419
2011-02-20,Dingin,2011,2,0,Minggu,0,Cerah/Berawan,11.693897,13.8665,40.7826,14.956745,639,1173,1812,Akhir Pekan/Libur,Sejuk (10-20°C),35.264900662251655
2011-02-21,Dingin,2011,2,1,Senin,0,Berkabut/Mendung,12.436653000000002,14.203750000000001,60.5,20.625682,195,912,1107,Akhir Pekan/Libur,Sejuk (10-20°C),17.615176151761517
2011-02-22,Dingin,2011,2,0,Selasa,1,Cerah/Berawan,7.471102,9.30165,57.7778,13.110761,74,1376,1450,Hari Kerja,Dingin (<10°C),5.103448275862069
2011-02-23,Dingin,2011,2,0,Rabu,1,Cerah/Berawan,9.091299,12.28585,42.3043,6.3055710000000005,139,1778,1917,Hari Kerja,Dingin (<10°C),7.250912884715702
2011-02-24,Dingin,2011,2,0,Kamis,1,Berkabut/Mendung,12.121732000000002,14.459549999999998,69.7391,16.783231999999998,100,1707,1807,Hari Kerja,Sejuk (10-20°C),5.534034311012729
2011-02-25,Dingin,2011,2,0,Jumat,1,Berkabut/Mendung,14.938268,17.52305,71.2174,23.218113,120,1341,1461,Hari Kerja,Sejuk (10-20°C),8.213552361396303
2011-02-26,Dingin,2011,2,0,Sabtu,0,Cerah/Berawan,11.5825,14.1096,53.7917,12.500257,424,1545,1969,Akhir Pekan/Libur,Sejuk (10-20°C),21.53377348908075
2011-02-27,Dingin,2011,2,0,Minggu,0,Cerah/Berawan,14.082598,17.55545,68.0,8.391615999999999,694,1708,2402,Akhir Pekan/Libur,Sejuk (10-20°C),28.892589508742716
2011-02-28,Dingin,2011,2,0,Senin,1,Berkabut/Mendung,16.698193,20.005899999999997,87.63640000000001,19.408962,81,1365,1446,Hari Kerja,Sejuk (10-20°C),5.601659751037345
2011-03-01,Dingin,2011,3,0,Selasa,1,Cerah/Berawan,10.933347,13.19395,53.5,14.500475,137,1714,1851,Hari Kerja,Sejuk (10-20°C),7.401404646137223
2011-03-02,Dingin,2011,3,0,Rabu,1,Cerah/Berawan,13.735000000000001,16.00355,44.9583,20.624811,231,1903,2134,Hari Kerja,Sejuk (10-20°C),10.824742268041238
2011-03-03,Dingin,2011,3,0,Kamis,1,Cerah/Berawan,8.131653,10.00665,31.833299999999998,15.125518000000001,123,1562,1685,Hari Kerja,Dingin (<10°C),7.299703264094956
2011-03-04,Dingin,2011,3,0,Jumat,1,Berkabut/Mendung,10.728347,12.783949999999999,61.0417,13.624182,214,1730,1944,Hari Kerja,Sejuk (10-20°C),11.008230452674898
2011-03-05,Dingin,2011,3,0,Sabtu,0,Berkabut/Mendung,15.750846999999998,18.93895,78.91669999999999,16.875357,640,1437,2077,Akhir Pekan/Libur,Sejuk (10-20°C),30.813673567645644
2011-03-06,Dingin,2011,3,0,Minggu,0,Berkabut/Mendung,15.437402,18.3126,94.8261,23.000229,114,491,605,Akhir Pekan/Libur,Sejuk (10-20°C),18.84297520661157
2011-03-07,Dingin,2011,3,0,Senin,1,Cerah/Berawan,10.731299,11.92305,55.1304,22.870584,244,1628,1872,Hari Kerja,Sejuk (10-20°C),13.034188034188036
2011-03-08,Dingin,2011,3,0,Selasa,1,Cerah/Berawan,11.9925,15.120000000000001,42.0833,8.083549999999999,316,1817,2133,Hari Kerja,Sejuk (10-20°C),14.814814814814813
2011-03-09,Dingin,2011,3,0,Rabu,1,Berkabut/Mendung,12.129153,14.3304,77.5417,14.750050000000002,191,1700,1891,Hari Kerja,Sejuk (10-20°C),10.100475938656796
2011-03-10,Dingin,2011,3,0,Kamis,1,Hujan/Salju Ringan,15.952731,19.2834,71.2491,17.545759,46,577,623,Hari Kerja,Sejuk (10-20°C),7.3836276083467105
2011-03-11,Dingin,2011,3,0,Jumat,1,Berkabut/Mendung,12.977402000000001,15.25,64.95649999999999,15.60899,247,1730,1977,Hari Kerja,Sejuk (10-20°C),12.493677288821447
2011-03-12,Dingin,2011,3,0,Sabtu,0,Cerah/Berawan,13.495847,16.287499999999998,59.458299999999994,14.791924999999999,724,1408,2132,Akhir Pekan/Libur,Sejuk (10-20°C),33.95872420262664
2011-03-13,Dingin,2011,3,0,Minggu,0,Cerah/Berawan,15.758268000000001,19.004550000000002,52.73910000000001,18.130468,982,1435,2417,Akhir Pekan/Libur,Sejuk (10-20°C),40.628878775341335
2011-03-14,Dingin,2011,3,0,Senin,1,Cerah/Berawan,13.333896999999999,16.6,49.695699999999995,9.174042,359,1687,2046,Hari Kerja,Sejuk (10-20°C),17.546432062561095
2011-03-15,Dingin,2011,3,0,Selasa,1,Berkabut/Mendung,13.013031,15.908900000000001,65.5652,12.348703,289,1767,2056,Hari Kerja,Sejuk (10-20°C),14.056420233463035
2011-03-16,Dingin,2011,3,0,Rabu,1,Berkabut/Mendung,14.973897000000001,18.3465,77.65220000000001,13.608839,321,1871,2192,Hari Kerja,Sejuk (10-20°C),14.644160583941607
2011-03-17,Dingin,2011,3,0,Kamis,1,Cerah/Berawan,17.015,20.51665,60.291700000000006,14.041792999999998,424,2320,2744,Hari Kerja,Sejuk (10-20°C),15.451895043731778
2011-03-18,Dingin,2011,3,0,Jumat,1,Cerah/Berawan,22.14,26.35045,52.5217,15.478139,884,2355,3239,Hari Kerja,Hangat (20-30°C),27.292374189564683
2011-03-19,Dingin,2011,3,0,Sabtu,0,Cerah/Berawan,19.3725,23.32625,37.9167,24.667189,1424,1693,3117,Akhir Pekan/Libur,Sejuk (10-20°C),45.68495348091113
2011-03-20,Dingin,2011,3,0,Minggu,0,Cerah/Berawan,13.6325,16.287499999999998,47.375,13.917307,1047,1424,2471,Akhir Pekan/Libur,Sejuk (10-20°C),42.37150951031971
2011-03-21,Semi,2011,3,0,Senin,1,Berkabut/Mendung,17.647835,20.48675,73.73910000000001,19.348461,401,1676,2077,Hari Kerja,Sejuk (10-20°C),19.306692344727974
2011-03-22,Semi,2011,3,0,Selasa,1,Cerah/Berawan,18.108347,22.0321,62.4583,15.125250000000001,460,2243,2703,Hari Kerja,Sejuk (10-20°C),17.01812800591935
2011-03-23,Semi,2011,3,0,Rabu,1,Berkabut/Mendung,14.225237,16.89695,83.9565,15.695487,203,1918,2121,Hari Kerja,Sejuk (10-20°C),9.570957095709572
2011-03-24,Semi,2011,3,0,Kamis,1,Berkabut/Mendung,11.684999999999999,13.541649999999999,80.58330000000001,16.333729,166,1699,1865,Hari Kerja,Sejuk (10-20°C),8.900804289544235
2011-03-25,Semi,2011,3,0,Jumat,1,Cerah/Berawan,10.830846999999999,12.8156,49.5,15.458575000000002,300,1910,2210,Hari Kerja,Sejuk (10-20°C),13.574660633484163
2011-03-26,Semi,2011,3,0,Sabtu,0,Cerah/Berawan,10.899153,12.87855,39.4167,14.041257,981,1515,2496,Akhir Pekan/Libur,Sejuk (10-20°C),39.30288461538461
2011-03-27,Semi,2011,3,0,Minggu,0,Berkabut/Mendung,10.374763000000002,12.51695,49.3913,12.348099999999999,472,1221,1693,Akhir Pekan/Libur,Sejuk (10-20°C),27.879503839338454
2011-03-28,Semi,2011,3,0,Senin,1,Cerah/Berawan,10.838268000000001,12.878700000000002,30.2174,14.217668,222,1806,2028,Hari Kerja,Sejuk (10-20°C),10.946745562130179
2011-03-29,Semi,2011,3,0,Selasa,1,Cerah/Berawan,12.4025,14.6454,31.4167,15.208732,317,2108,2425,Hari Kerja,Sejuk (10-20°C),13.072164948453608
2011-03-30,Semi,2011,3,0,Rabu,1,Berkabut/Mendung,12.299999999999999,14.8675,64.6667,11.583495999999998,168,1368,1536,Hari Kerja,Sejuk (10-20°C),10.9375
2011-03-31,Semi,2011,3,0,Kamis,1,Hujan/Salju Ringan,11.001653,12.87875,91.8333,14.582282000000001,179,1506,1685,Hari Kerja,Sejuk (10-20°C),10.623145400593472
2011-04-01,Semi,2011,4,0,Jumat,1,Berkabut/Mendung,12.299999999999999,14.172699999999999,68.625,17.333436,307,1920,2227,Hari Kerja,Sejuk (10-20°C),13.785361472833408
2011-04-02,Semi,2011,4,0,Sabtu,0,Berkabut/Mendung,12.915000000000001,15.78185,65.375,13.208782,898,1354,2252,Akhir Pekan/Libur,Sejuk (10-20°C),39.87566607460036
2011-04-03,Semi,2011,4,0,Minggu,0,Cerah/Berawan,15.511652999999999,18.93835,48.0,12.208271000000002,1651,1598,3249,Akhir Pekan/Libur,Sejuk (10-20°C),50.81563558017852
2011-04-04,Semi,2011,4,0,Senin,1,Cerah/Berawan,23.506653,27.14645,42.625,25.833257,734,2381,3115,Hari Kerja,Hangat (20-30°C),23.563402889245584
2011-04-05,Semi,2011,4,0,Selasa,1,Berkabut/Mendung,16.980847,19.9175,64.2083,26.000488999999998,167,1628,1795,Hari Kerja,Sejuk (10-20°C),9.303621169916434
2011-04-06,Semi,2011,4,0,Rabu,1,Cerah/Berawan,16.024153,19.3804,47.0833,17.625221,413,2395,2808,Hari Kerja,Sejuk (10-20°C),14.707977207977208
2011-04-07,Semi,2011,4,0,Kamis,1,Cerah/Berawan,17.9375,21.684800000000003,60.291700000000006,10.874904,571,2570,3141,Hari Kerja,Sejuk (10-20°C),18.178923909582938
2011-04-08,Semi,2011,4,0,Jumat,1,Berkabut/Mendung,13.769153,16.223950000000002,83.625,15.208464,172,1299,1471,Hari Kerja,Sejuk (10-20°C),11.692726036709722
2011-04-09,Semi,2011,4,0,Sabtu,0,Berkabut/Mendung,14.0425,17.07645,87.75,8.916561,879,1576,2455,Akhir Pekan/Libur,Sejuk (10-20°C),35.80448065173116
2011-04-10,Semi,2011,4,0,Minggu,0,Berkabut/Mendung,17.493347,21.33685,85.75,9.833389,1188,1707,2895,Akhir Pekan/Libur,Sejuk (10-20°C),41.03626943005182
2011-04-11,Semi,2011,4,0,Senin,1,Berkabut/Mendung,24.421732,28.260849999999998,71.6956,21.739758,855,2493,3348,Hari Kerja,Hangat (20-30°C),25.537634408602152
2011-04-12,Semi,2011,4,0,Selasa,1,Berkabut/Mendung,20.6025,24.6527,73.9167,18.416892999999998,257,1777,2034,Hari Kerja,Hangat (20-30°C),12.63520157325467
2011-04-13,Semi,2011,4,0,Rabu,1,Berkabut/Mendung,16.912499999999998,20.864150000000002,81.91669999999999,16.791338999999997,209,1953,2162,Hari Kerja,Sejuk (10-20°C),9.666975023126735
2011-04-14,Semi,2011,4,0,Kamis,1,Cerah/Berawan,19.1675,23.1371,54.041700000000006,7.4169,529,2738,3267,Hari Kerja,Sejuk (10-20°C),16.192225283134373
2011-04-15,Semi,2011,4,1,Jumat,0,Cerah/Berawan,18.313347,22.09565,67.125,15.167124999999999,642,2484,3126,Akhir Pekan/Libur,Sejuk (10-20°C),20.537428023032632
2011-04-16,Semi,2011,4,0,Sabtu,0,Hujan/Salju Ringan,17.664153000000002,21.2746,88.83330000000001,22.834136,121,674,795,Akhir Pekan/Libur,Sejuk (10-20°C),15.220125786163521
2011-04-17,Semi,2011,4,0,Minggu,0,Cerah/Berawan,18.723347,22.2848,47.9583,20.334232,1558,2186,3744,Akhir Pekan/Libur,Sejuk (10-20°C),41.613247863247864
2011-04-18,Semi,2011,4,0,Senin,1,Cerah/Berawan,21.0125,25.1573,54.25,10.958988999999999,669,2760,3429,Hari Kerja,Hangat (20-30°C),19.510061242344705
2011-04-19,Semi,2011,4,0,Selasa,1,Berkabut/Mendung,20.739152999999998,24.4629,66.5833,10.584057,409,2795,3204,Hari Kerja,Hangat (20-30°C),12.765293383270912
2011-04-20,Semi,2011,4,0,Rabu,1,Cerah/Berawan,24.395,28.2196,61.4167,16.208975,613,3331,3944,Hari Kerja,Hangat (20-30°C),15.542596348884382
2011-04-21,Semi,2011,4,0,Kamis,1,Cerah/Berawan,18.825847,22.6946,40.708299999999994,21.792286,745,3444,4189,Hari Kerja,Sejuk (10-20°C),17.78467414657436
2011-04-22,Semi,2011,4,0,Jumat,1,Berkabut/Mendung,13.803347,16.0977,72.9583,14.707906999999999,177,1506,1683,Hari Kerja,Sejuk (10-20°C),10.51693404634581
2011-04-23,Semi,2011,4,0,Sabtu,0,Berkabut/Mendung,18.86,22.50605,88.79169999999999,15.458575000000002,1462,2574,4036,Akhir Pekan/Libur,Sejuk (10-20°C),36.22398414271556
2011-04-24,Semi,2011,4,0,Minggu,0,Berkabut/Mendung,23.848347,27.58815,81.08330000000001,12.875725000000001,1710,2481,4191,Akhir Pekan/Libur,Hangat (20-30°C),40.8017179670723
2011-04-25,Semi,2011,4,0,Senin,1,Cerah/Berawan,24.873347,28.725,77.6667,12.417311,773,3300,4073,Hari Kerja,Hangat (20-30°C),18.978639823226125
2011-04-26,Semi,2011,4,0,Selasa,1,Cerah/Berawan,25.898346999999998,29.704150000000002,72.9167,21.875500000000002,678,3722,4400,Hari Kerja,Hangat (20-30°C),15.409090909090908
2011-04-27,Semi,2011,4,0,Rabu,1,Berkabut/Mendung,25.419999999999998,28.7571,83.54169999999999,20.917399999999997,547,3325,3872,Hari Kerja,Hangat (20-30°C),14.12706611570248
2011-04-28,Semi,2011,4,0,Kamis,1,Berkabut/Mendung,25.317500000000003,28.946450000000002,70.08330000000001,21.500836000000003,569,3489,4058,Hari Kerja,Hangat (20-30°C),14.02168555938886
2011-04-29,Semi,2011,4,0,Jumat,1,Cerah/Berawan,20.91,24.87315,45.7083,16.084221,878,3717,4595,Hari Kerja,Hangat (20-30°C),19.10772578890098
2011-04-30,Semi,2011,4,0,Sabtu,0,Cerah/Berawan,19.3725,23.201050000000002,50.3333,15.750025,1965,3347,5312,Akhir Pekan/Libur,Sejuk (10-20°C),36.99171686746988
2011-05-01,Semi,2011,5,0,Minggu,0,Berkabut/Mendung,18.518347,22.4102,76.2083,7.125718,1138,2213,3351,Akhir Pekan/Libur,Sejuk (10-20°C),33.9600119367353
2011-05-02,Semi,2011,5,0,Senin,1,Berkabut/Mendung,22.515846999999997,26.64165,73.0,12.291418,847,3554,4401,Hari Kerja,Hangat (20-30°C),19.24562599409225
2011-05-03,Semi,2011,5,0,Selasa,1,Berkabut/Mendung,25.283347,29.10395,69.7083,22.958689,603,3848,4451,Hari Kerja,Hangat (20-30°C),13.54751741181757
2011-05-04,Semi,2011,5,0,Rabu,1,Berkabut/Mendung,16.980847,20.2325,73.70830000000001,22.042732,255,2378,2633,Hari Kerja,Sejuk (10-20°C),9.684770224078997
2011-05-05,Semi,2011,5,0,Kamis,1,Cerah/Berawan,18.825847,22.09585,44.4167,19.791263999999998,614,3819,4433,Hari Kerja,Sejuk (10-20°C),13.85066546356869
2011-05-06,Semi,2011,5,0,Jumat,1,Cerah/Berawan,19.645847,23.70585,59.0,15.292482,894,3714,4608,Hari Kerja,Sejuk (10-20°C),19.401041666666664
2011-05-07,Semi,2011,5,0,Sabtu,0,Cerah/Berawan,21.32,25.63105,54.125,10.750150000000001,1612,3102,4714,Akhir Pekan/Libur,Hangat (20-30°C),34.19601187950785
2011-05-08,Semi,2011,5,0,Minggu,0,Cerah/Berawan,21.661653,25.946649999999998,63.1667,5.0007125,1401,2932,4333,Akhir Pekan/Libur,Hangat (20-30°C),32.3332564043388
2011-05-09,Semi,2011,5,0,Senin,1,Cerah/Berawan,21.8325,26.2623,58.875,11.792,664,3698,4362,Hari Kerja,Hangat (20-30°C),15.222375057313158
2011-05-10,Semi,2011,5,0,Selasa,1,Cerah/Berawan,21.8325,26.13605,48.9167,7.749956999999999,694,4109,4803,Hari Kerja,Hangat (20-30°C),14.449302519258797
2011-05-11,Semi,2011,5,0,Rabu,1,Cerah/Berawan,22.2425,26.419999999999998,63.29169999999999,8.083014,550,3632,4182,Hari Kerja,Hangat (20-30°C),13.151602104256337
2011-05-12,Semi,2011,5,0,Kamis,1,Cerah/Berawan,21.935000000000002,26.16815,74.75,12.707689,695,4169,4864,Hari Kerja,Hangat (20-30°C),14.288651315789474
2011-05-13,Semi,2011,5,0,Jumat,1,Berkabut/Mendung,21.0125,24.715,86.33330000000001,12.041575,692,3413,4105,Hari Kerja,Hangat (20-30°C),16.857490864799026
2011-05-14,Semi,2011,5,0,Sabtu,0,Berkabut/Mendung,21.354153,25.03145,92.25,9.041649999999999,902,2507,3409,Akhir Pekan/Libur,Hangat (20-30°C),26.459372249926666
2011-05-15,Semi,2011,5,0,Minggu,0,Berkabut/Mendung,23.0625,26.8,86.70830000000001,10.249593,1582,2971,4553,Akhir Pekan/Libur,Hangat (20-30°C),34.74632110696244
2011-05-16,Semi,2011,5,0,Senin,1,Cerah/Berawan,23.677500000000002,27.5256,78.79169999999999,8.500357000000001,773,3185,3958,Hari Kerja,Hangat (20-30°C),19.530065689742294
2011-05-17,Semi,2011,5,0,Selasa,1,Berkabut/Mendung,23.028347,26.926450000000003,83.7917,18.582718,678,3445,4123,Hari Kerja,Hangat (20-30°C),16.444336648071793
2011-05-18,Semi,2011,5,0,Rabu,1,Berkabut/Mendung,22.55,26.3579,87.0,13.499964,536,3319,3855,Hari Kerja,Hangat (20-30°C),13.90402075226978
2011-05-19,Semi,2011,5,0,Kamis,1,Berkabut/Mendung,21.764153,25.537100000000002,82.9583,7.250271000000001,735,3840,4575,Hari Kerja,Hangat (20-30°C),16.065573770491802
2011-05-20,Semi,2011,5,0,Jumat,1,Cerah/Berawan,22.003347,26.4521,71.9583,8.375871,909,4008,4917,Hari Kerja,Hangat (20-30°C),18.48688224527151
2011-05-21,Semi,2011,5,0,Sabtu,0,Cerah/Berawan,24.7025,28.59875,62.6667,8.083549999999999,2258,3547,5805,Akhir Pekan/Libur,Hangat (20-30°C),38.897502153316104
2011-05-22,Semi,2011,5,0,Minggu,0,Cerah/Berawan,24.770847,28.725,74.9583,9.916536,1576,3084,4660,Akhir Pekan/Libur,Hangat (20-30°C),33.81974248927039
2011-05-23,Semi,2011,5,0,Senin,1,Berkabut/Mendung,25.898346999999998,29.5148,81.0,15.667413999999999,836,3438,4274,Hari Kerja,Hangat (20-30°C),19.560131024801123
2011-05-24,Semi,2011,5,0,Selasa,1,Berkabut/Mendung,27.060000000000002,30.240650000000002,74.0833,13.875164,659,3833,4492,Hari Kerja,Hangat (20-30°C),14.67052537845058
2011-05-25,Semi,2011,5,0,Rabu,1,Cerah/Berawan,27.094153,30.7771,69.625,10.333611000000001,740,4238,4978,Hari Kerja,Hangat (20-30°C),14.865407794294896
2011-05-26,Semi,2011,5,0,Kamis,1,Cerah/Berawan,29.041653,32.7344,67.75,13.376014,758,3919,4677,Hari Kerja,Hangat (20-30°C),16.206970280094076
2011-05-27,Semi,2011,5,0,Jumat,1,Cerah/Berawan,27.948347000000002,31.8504,65.375,16.125493,871,3808,4679,Hari Kerja,Hangat (20-30°C),18.61508869416542
2011-05-28,Semi,2011,5,0,Sabtu,0,Cerah/Berawan,26.889153,30.61895,72.9583,15.416164,2001,2757,4758,Akhir Pekan/Libur,Hangat (20-30°C),42.055485498108446
2011-05-29,Semi,2011,5,0,Minggu,0,Cerah/Berawan,27.3675,30.777500000000003,81.875,14.333846,2355,2433,4788,Akhir Pekan/Libur,Hangat (20-30°C),49.18546365914787
2011-05-30,Semi,2011,5,1,Senin,0,Cerah/Berawan,30.066653000000002,33.5546,68.5,8.792075,1549,2549,4098,Akhir Pekan/Libur,Panas (>30°C),37.79892630551488
2011-05-31,Semi,2011,5,0,Selasa,1,Cerah/Berawan,31.775000000000002,36.26915,63.6667,7.459042999999999,673,3309,3982,Hari Kerja,Panas (>30°C),16.90105474635861
2011-06-01,Semi,2011,6,0,Rabu,1,Berkabut/Mendung,31.330847000000002,36.04835,67.7083,13.875164,513,3461,3974,Hari Kerja,Panas (>30°C),12.908907901358832
2011-06-02,Semi,2011,6,0,Kamis,1,Cerah/Berawan,29.314999999999998,32.1971,30.5,19.583229000000003,736,4232,4968,Hari Kerja,Hangat (20-30°C),14.814814814814813
2011-06-03,Semi,2011,6,0,Jumat,1,Cerah/Berawan,25.419999999999998,29.356650000000002,35.4167,16.959107,898,4414,5312,Hari Kerja,Hangat (20-30°C),16.90512048192771
2011-06-04,Semi,2011,6,0,Sabtu,0,Cerah/Berawan,26.035,29.7348,45.625,8.250514,1869,3473,5342,Akhir Pekan/Libur,Hangat (20-30°C),34.986896293523024
2011-06-05,Semi,2011,6,0,Minggu,0,Berkabut/Mendung,26.581653000000003,30.8402,65.25,9.292364000000001,1685,3221,4906,Akhir Pekan/Libur,Hangat (20-30°C),34.34569914390542
2011-06-06,Semi,2011,6,0,Senin,1,Cerah/Berawan,27.811653,31.0929,60.0,8.167032,673,3875,4548,Hari Kerja,Hangat (20-30°C),14.797713280562885
2011-06-07,Semi,2011,6,0,Selasa,1,Cerah/Berawan,29.0075,32.7975,59.791700000000006,12.583136,763,4070,4833,Hari Kerja,Hangat (20-30°C),15.787295675563831
2011-06-08,Semi,2011,6,0,Rabu,1,Cerah/Berawan,31.809153,36.36395,62.20830000000001,9.166739,676,3725,4401,Hari Kerja,Panas (>30°C),15.360145421495114
2011-06-09,Semi,2011,6,0,Kamis,1,Berkabut/Mendung,33.141653,37.87895,56.833299999999994,10.042161,563,3352,3915,Hari Kerja,Panas (>30°C),14.38058748403576
2011-06-10,Semi,2011,6,0,Jumat,1,Cerah/Berawan,30.955000000000002,35.1646,60.5,9.417118,815,3771,4586,Hari Kerja,Panas (>30°C),17.771478412559965
2011-06-11,Semi,2011,6,0,Sabtu,0,Cerah/Berawan,29.724999999999998,33.901900000000005,65.45830000000001,10.374949999999998,1729,3237,4966,Akhir Pekan/Libur,Hangat (20-30°C),34.81675392670157
2011-06-12,Semi,2011,6,0,Minggu,0,Cerah/Berawan,28.392500000000002,32.166250000000005,74.7917,10.958988999999999,1467,2993,4460,Akhir Pekan/Libur,Hangat (20-30°C),32.89237668161435
2011-06-13,Semi,2011,6,0,Senin,1,Cerah/Berawan,26.035,30.082700000000003,49.4583,20.45845,863,4157,5020,Hari Kerja,Hangat (20-30°C),17.191235059760956
2011-06-14,Semi,2011,6,0,Selasa,1,Cerah/Berawan,24.770847,29.5773,50.708299999999994,18.041961,727,4164,4891,Hari Kerja,Hangat (20-30°C),14.864035984461255
2011-06-15,Semi,2011,6,0,Rabu,1,Cerah/Berawan,25.693347,29.3877,47.1667,11.250104,769,4411,5180,Hari Kerja,Hangat (20-30°C),14.845559845559844
2011-06-16,Semi,2011,6,0,Kamis,1,Berkabut/Mendung,25.761653000000003,29.767300000000002,68.8333,13.833556999999999,545,3222,3767,Hari Kerja,Hangat (20-30°C),14.467746217148925
2011-06-17,Semi,2011,6,0,Jumat,1,Cerah/Berawan,26.615847000000002,30.01915,73.5833,9.582942999999998,863,3981,4844,Hari Kerja,Hangat (20-30°C),17.81585466556565
2011-06-18,Semi,2011,6,0,Sabtu,0,Cerah/Berawan,28.563347,32.197700000000005,67.0417,8.000336,1807,3312,5119,Akhir Pekan/Libur,Hangat (20-30°C),35.299863254541904
2011-06-19,Semi,2011,6,0,Minggu,0,Berkabut/Mendung,28.665847,32.292300000000004,66.6667,6.834,1639,3105,4744,Akhir Pekan/Libur,Hangat (20-30°C),34.548903878583474
2011-06-20,Semi,2011,6,0,Senin,1,Berkabut/Mendung,26.035,29.767300000000002,74.625,10.416825,699,3311,4010,Hari Kerja,Hangat (20-30°C),17.43142144638404
2011-06-21,Panas,2011,6,0,Selasa,1,Berkabut/Mendung,27.914153000000002,31.8823,77.0417,11.458675000000001,774,4061,4835,Hari Kerja,Hangat (20-30°C),16.008273009307135
2011-06-22,Panas,2011,6,0,Rabu,1,Cerah/Berawan,30.066653000000002,34.69145,70.75,11.541554,661,3846,4507,Hari Kerja,Panas (>30°C),14.666074994453075
2011-06-23,Panas,2011,6,0,Kamis,1,Berkabut/Mendung,29.861653,34.69165,70.3333,15.999868,746,4044,4790,Hari Kerja,Hangat (20-30°C),15.5741127348643
2011-06-24,Panas,2011,6,0,Jumat,1,Cerah/Berawan,29.690847,32.82915,57.3333,14.875675,969,4022,4991,Hari Kerja,Hangat (20-30°C),19.41494690442797
2011-06-25,Panas,2011,6,0,Sabtu,0,Cerah/Berawan,28.494999999999997,32.16565,48.3333,14.041257,1782,3420,5202,Akhir Pekan/Libur,Hangat (20-30°C),34.2560553633218
2011-06-26,Panas,2011,6,0,Minggu,0,Cerah/Berawan,27.880000000000003,31.88145,51.3333,6.3337311,1920,3385,5305,Akhir Pekan/Libur,Hangat (20-30°C),36.19227144203582
2011-06-27,Panas,2011,6,0,Senin,1,Berkabut/Mendung,27.982499999999998,31.8502,65.8333,7.2083960000000005,854,3854,4708,Hari Kerja,Hangat (20-30°C),18.139337298215803
2011-06-28,Panas,2011,6,0,Selasa,1,Cerah/Berawan,30.510847000000002,34.6279,63.416700000000006,9.666960999999999,732,3916,4648,Hari Kerja,Panas (>30°C),15.748709122203097
2011-06-29,Panas,2011,6,0,Rabu,1,Cerah/Berawan,29.861653,32.7344,49.7917,17.542007,848,4377,5225,Hari Kerja,Hangat (20-30°C),16.229665071770334
2011-06-30,Panas,2011,6,0,Kamis,1,Cerah/Berawan,28.563347,31.8504,43.416700000000006,12.415904000000001,1027,4488,5515,Hari Kerja,Hangat (20-30°C),18.621940163191297
2011-07-01,Panas,2011,7,0,Jumat,1,Cerah/Berawan,29.622500000000002,32.6081,39.625,6.874736,1246,4116,5362,Hari Kerja,Hangat (20-30°C),23.237597911227155
2011-07-02,Panas,2011,7,0,Sabtu,0,Cerah/Berawan,30.271653,33.3654,44.4583,7.709154,2204,2915,5119,Akhir Pekan/Libur,Panas (>30°C),43.05528423520219
2011-07-03,Panas,2011,7,0,Minggu,0,Berkabut/Mendung,29.383347,33.42875,68.25,15.333486,2282,2367,4649,Akhir Pekan/Libur,Hangat (20-30°C),49.085824908582495
2011-07-04,Panas,2011,7,1,Senin,0,Berkabut/Mendung,29.793346999999997,33.27085,63.7917,5.4591064000000005,3065,2978,6043,Akhir Pekan/Libur,Hangat (20-30°C),50.71984113850736
2011-07-05,Panas,2011,7,0,Selasa,1,Cerah/Berawan,30.613346999999997,34.816900000000004,59.0417,8.459286,1031,3634,4665,Hari Kerja,Panas (>30°C),22.10075026795284
2011-07-06,Panas,2011,7,0,Rabu,1,Cerah/Berawan,29.52,34.28165,74.33330000000001,10.042161,784,3845,4629,Hari Kerja,Hangat (20-30°C),16.936703391661265
2011-07-07,Panas,2011,7,0,Kamis,1,Cerah/Berawan,30.75,34.34355,65.125,10.666400000000001,754,3838,4592,Hari Kerja,Panas (>30°C),16.4198606271777
2011-07-08,Panas,2011,7,0,Jumat,1,Berkabut/Mendung,29.075847,33.524150000000006,75.79169999999999,15.083643,692,3348,4040,Hari Kerja,Hangat (20-30°C),17.12871287128713
2011-07-09,Panas,2011,7,0,Sabtu,0,Cerah/Berawan,30.066653000000002,33.2079,60.9167,11.250104,1988,3348,5336,Akhir Pekan/Libur,Panas (>30°C),37.25637181409295
2011-07-10,Panas,2011,7,0,Minggu,0,Cerah/Berawan,30.6475,34.50125,57.8333,12.292557,1743,3138,4881,Akhir Pekan/Libur,Panas (>30°C),35.709895513214505
2011-07-11,Panas,2011,7,0,Senin,1,Cerah/Berawan,31.2625,36.4902,63.5833,18.916579,723,3363,4086,Hari Kerja,Panas (>30°C),17.694566813509542
2011-07-12,Panas,2011,7,0,Selasa,1,Cerah/Berawan,32.560846999999995,36.96375,55.9167,13.417017999999999,662,3596,4258,Hari Kerja,Panas (>30°C),15.547205260685768
2011-07-13,Panas,2011,7,0,Rabu,1,Cerah/Berawan,30.613346999999997,34.4702,63.1667,9.790911000000001,748,3594,4342,Hari Kerja,Panas (>30°C),17.227084292952558
2011-07-14,Panas,2011,7,0,Kamis,1,Cerah/Berawan,27.914153000000002,31.7552,47.625,16.124689,888,4196,5084,Hari Kerja,Hangat (20-30°C),17.466561762391816
2011-07-15,Panas,2011,7,0,Jumat,1,Cerah/Berawan,27.196652999999998,31.21855,59.12500000000001,12.249811,1318,4220,5538,Hari Kerja,Hangat (20-30°C),23.799205489346335
2011-07-16,Panas,2011,7,0,Sabtu,0,Cerah/Berawan,28.153347,31.91315,58.5,13.958914,2418,3505,5923,Akhir Pekan/Libur,Hangat (20-30°C),40.823906803984464
2011-07-17,Panas,2011,7,0,Minggu,0,Cerah/Berawan,29.485847,33.49165,60.4167,16.417211,2006,3296,5302,Akhir Pekan/Libur,Hangat (20-30°C),37.834779328555264
2011-07-18,Panas,2011,7,0,Senin,1,Cerah/Berawan,30.613346999999997,35.19625,65.125,14.458867999999999,841,3617,4458,Hari Kerja,Panas (>30°C),18.864961866307763
2011-07-19,Panas,2011,7,0,Selasa,1,Cerah/Berawan,31.843347,37.37395,65.0417,8.7502,752,3789,4541,Hari Kerja,Panas (>30°C),16.560229024443952
2011-07-20,Panas,2011,7,0,Rabu,1,Cerah/Berawan,31.501653,37.3425,70.70830000000001,7.625739,644,3688,4332,Hari Kerja,Panas (>30°C),14.866112650046167
2011-07-21,Panas,2011,7,0,Kamis,1,Berkabut/Mendung,33.415,41.31855,69.125,14.875407,632,3152,3784,Hari Kerja,Panas (>30°C),16.701902748414376
2011-07-22,Panas,2011,7,0,Jumat,1,Cerah/Berawan,34.781653,42.0448,58.0417,8.9177,562,2825,3387,Hari Kerja,Panas (>30°C),16.592855033953352
2011-07-23,Panas,2011,7,0,Sabtu,0,Cerah/Berawan,34.815847,40.214349999999996,50.0,8.791807,987,2298,3285,Akhir Pekan/Libur,Panas (>30°C),30.04566210045662
2011-07-24,Panas,2011,7,0,Minggu,0,Cerah/Berawan,34.03,39.74145,55.0833,11.334456999999999,1050,2556,3606,Akhir Pekan/Libur,Panas (>30°C),29.11813643926789
2011-07-25,Panas,2011,7,0,Senin,1,Cerah/Berawan,30.476653000000002,36.0479,75.7083,6.0841560999999995,568,3272,3840,Hari Kerja,Panas (>30°C),14.791666666666666
2011-07-26,Panas,2011,7,0,Selasa,1,Cerah/Berawan,31.638347,34.84895,54.0833,13.417285999999999,750,3840,4590,Hari Kerja,Panas (>30°C),16.33986928104575
2011-07-27,Panas,2011,7,0,Rabu,1,Cerah/Berawan,31.775000000000002,34.53335,40.291700000000006,12.292020999999998,755,3901,4656,Hari Kerja,Panas (>30°C),16.215635738831615
2011-07-28,Panas,2011,7,0,Kamis,1,Cerah/Berawan,31.945847,36.995,58.3333,11.958093,606,3784,4390,Hari Kerja,Panas (>30°C),13.804100227790434
2011-07-29,Panas,2011,7,0,Jumat,1,Cerah/Berawan,34.371653,39.29835,54.25,11.667245999999999,670,3176,3846,Hari Kerja,Panas (>30°C),17.420696827873115
2011-07-30,Panas,2011,7,0,Sabtu,0,Cerah/Berawan,32.970847,36.42685,46.5833,11.291979,1559,2916,4475,Akhir Pekan/Libur,Panas (>30°C),34.83798882681564
2011-07-31,Panas,2011,7,0,Minggu,0,Cerah/Berawan,33.039153,36.4898,48.0833,11.042470999999999,1524,2778,4302,Akhir Pekan/Libur,Panas (>30°C),35.425383542538356
2011-08-01,Panas,2011,8,0,Senin,1,Cerah/Berawan,31.638347,35.1646,55.0833,10.500039,729,3537,4266,Hari Kerja,Panas (>30°C),17.088607594936708
2011-08-02,Panas,2011,8,0,Selasa,1,Cerah/Berawan,32.116653,35.35355,49.125,13.79195,801,4044,4845,Hari Kerja,Panas (>30°C),16.53250773993808
2011-08-03,Panas,2011,8,0,Rabu,1,Berkabut/Mendung,29.998347,33.99685,65.75,9.084061,467,3107,3574,Hari Kerja,Hangat (20-30°C),13.06659205372132
2011-08-04,Panas,2011,8,0,Kamis,1,Berkabut/Mendung,29.11,33.2394,75.75,13.20905,799,3777,4576,Hari Kerja,Hangat (20-30°C),17.460664335664337
2011-08-05,Panas,2011,8,0,Jumat,1,Cerah/Berawan,29.144153000000003,32.82835,63.083299999999994,12.374632,1023,3843,4866,Hari Kerja,Hangat (20-30°C),21.023427866831074
2011-08-06,Panas,2011,8,0,Sabtu,0,Berkabut/Mendung,29.383347,33.807700000000004,75.5,15.29275,1521,2773,4294,Akhir Pekan/Libur,Hangat (20-30°C),35.42151839776432
2011-08-07,Panas,2011,8,0,Minggu,0,Cerah/Berawan,30.442500000000003,35.7646,75.29169999999999,13.499629,1298,2487,3785,Akhir Pekan/Libur,Panas (>30°C),34.293262879788635
2011-08-08,Panas,2011,8,0,Senin,1,Cerah/Berawan,31.365000000000002,35.16415,59.2083,12.875725000000001,846,3480,4326,Hari Kerja,Panas (>30°C),19.55617198335645
2011-08-09,Panas,2011,8,0,Selasa,1,Cerah/Berawan,31.775000000000002,36.20605,57.04169999999999,10.125107,907,3695,4602,Hari Kerja,Panas (>30°C),19.708822251195134
2011-08-10,Panas,2011,8,0,Rabu,1,Cerah/Berawan,31.433346999999998,34.24915,42.4167,13.417285999999999,884,3896,4780,Hari Kerja,Panas (>30°C),18.493723849372383
2011-08-11,Panas,2011,8,0,Kamis,1,Cerah/Berawan,29.4175,32.57605,42.375,11.041332,812,3980,4792,Hari Kerja,Hangat (20-30°C),16.9449081803005
2011-08-12,Panas,2011,8,0,Jumat,1,Cerah/Berawan,29.041653,32.7021,41.5,8.416607,1051,3854,4905,Hari Kerja,Hangat (20-30°C),21.42711518858308
2011-08-13,Panas,2011,8,0,Sabtu,0,Berkabut/Mendung,28.119153,32.2929,72.9583,14.167418,1504,2646,4150,Akhir Pekan/Libur,Hangat (20-30°C),36.24096385542169
2011-08-14,Panas,2011,8,0,Minggu,0,Berkabut/Mendung,27.743347,31.219400000000004,81.75,14.916411,1338,2482,3820,Akhir Pekan/Libur,Hangat (20-30°C),35.026178010471206
2011-08-15,Panas,2011,8,0,Senin,1,Cerah/Berawan,27.299153,30.80835,71.20830000000001,13.999918,775,3563,4338,Hari Kerja,Hangat (20-30°C),17.865375749193177
2011-08-16,Panas,2011,8,0,Selasa,1,Cerah/Berawan,28.734153000000003,32.29185,57.8333,15.834043000000001,721,4004,4725,Hari Kerja,Hangat (20-30°C),15.259259259259258
2011-08-17,Panas,2011,8,0,Rabu,1,Cerah/Berawan,29.656653,33.33355,57.5417,9.625689,668,4026,4694,Hari Kerja,Hangat (20-30°C),14.230933106092886
2011-08-18,Panas,2011,8,0,Kamis,1,Cerah/Berawan,29.178347000000002,33.1129,65.45830000000001,15.624936,639,3166,3805,Hari Kerja,Hangat (20-30°C),16.793692509855454
2011-08-19,Panas,2011,8,0,Jumat,1,Berkabut/Mendung,28.085,31.661050000000003,72.2917,9.333635999999998,797,3356,4153,Hari Kerja,Hangat (20-30°C),19.190946303876714
2011-08-20,Panas,2011,8,0,Sabtu,0,Cerah/Berawan,28.5975,32.4498,67.41669999999999,6.999289,1914,3277,5191,Akhir Pekan/Libur,Hangat (20-30°C),36.87150837988827
2011-08-21,Panas,2011,8,0,Minggu,0,Cerah/Berawan,29.144153000000003,33.776250000000005,77.0,16.666518,1249,2624,3873,Akhir Pekan/Libur,Hangat (20-30°C),32.24890265943713
2011-08-22,Panas,2011,8,0,Senin,1,Cerah/Berawan,28.358347000000002,31.9127,47.0,18.54225,833,3925,4758,Hari Kerja,Hangat (20-30°C),17.507356031946195
2011-08-23,Panas,2011,8,0,Selasa,1,Cerah/Berawan,26.274153,30.303350000000002,45.5417,9.833121,1281,4614,5895,Hari Kerja,Hangat (20-30°C),21.73027989821883
2011-08-24,Panas,2011,8,0,Rabu,1,Cerah/Berawan,27.606652999999998,31.5346,60.5,16.958236,949,4181,5130,Hari Kerja,Hangat (20-30°C),18.499025341130604
2011-08-25,Panas,2011,8,0,Kamis,1,Berkabut/Mendung,28.050846999999997,32.2927,77.1667,14.125810999999999,435,3107,3542,Hari Kerja,Hangat (20-30°C),12.28119706380576
2011-08-26,Panas,2011,8,0,Jumat,1,Cerah/Berawan,28.7,32.98665,76.125,5.625487499999999,768,3893,4661,Hari Kerja,Hangat (20-30°C),16.477150826003005
2011-08-27,Panas,2011,8,0,Sabtu,0,Berkabut/Mendung,27.880000000000003,31.7778,85.0,25.166338999999997,226,889,1115,Akhir Pekan/Libur,Hangat (20-30°C),20.269058295964125
2011-08-28,Panas,2011,8,0,Minggu,0,Cerah/Berawan,28.989418999999998,32.397949999999994,56.1765,20.412153,1415,2919,4334,Akhir Pekan/Libur,Hangat (20-30°C),32.648823257960316
2011-08-29,Panas,2011,8,0,Senin,1,Cerah/Berawan,26.103347,30.3979,55.45830000000001,10.708275,729,3905,4634,Hari Kerja,Hangat (20-30°C),15.73154941735002
2011-08-30,Panas,2011,8,0,Selasa,1,Cerah/Berawan,26.205847000000002,29.7352,54.833299999999994,8.375536,775,4429,5204,Hari Kerja,Hangat (20-30°C),14.8923904688701
2011-08-31,Panas,2011,8,0,Rabu,1,Cerah/Berawan,26.923347,30.556050000000003,59.791700000000006,5.5833311,688,4370,5058,Hari Kerja,Hangat (20-30°C),13.602214313958086
2011-09-01,Panas,2011,9,0,Kamis,1,Cerah/Berawan,26.855,30.746050000000004,63.916700000000006,9.500332,783,4332,5115,Hari Kerja,Hangat (20-30°C),15.30791788856305
2011-09-02,Panas,2011,9,0,Jumat,1,Berkabut/Mendung,26.376653,30.2404,72.70830000000001,9.375243,875,3852,4727,Hari Kerja,Hangat (20-30°C),18.510683308652425
2011-09-03,Panas,2011,9,0,Sabtu,0,Cerah/Berawan,27.435847,31.66065,71.6667,12.416775,1935,2549,4484,Akhir Pekan/Libur,Hangat (20-30°C),43.153434433541484
2011-09-04,Panas,2011,9,0,Minggu,0,Cerah/Berawan,29.075847,33.27145,74.20830000000001,13.833289,2521,2419,4940,Akhir Pekan/Libur,Hangat (20-30°C),51.03238866396761
2011-09-05,Panas,2011,9,1,Senin,0,Berkabut/Mendung,27.606652999999998,31.282300000000003,79.0417,14.250632,1236,2115,3351,Akhir Pekan/Libur,Hangat (20-30°C),36.88451208594449
2011-09-06,Panas,2011,9,0,Selasa,1,Hujan/Salju Ringan,22.14,25.759999999999998,88.6957,23.044181,204,2506,2710,Hari Kerja,Hangat (20-30°C),7.527675276752767
2011-09-07,Panas,2011,9,0,Rabu,1,Hujan/Salju Ringan,24.565847,27.21145,91.7083,6.500393600000001,118,1878,1996,Hari Kerja,Hangat (20-30°C),5.911823647294589
2011-09-08,Panas,2011,9,0,Kamis,1,Hujan/Salju Ringan,25.990433,27.76805,93.9565,12.914116,153,1689,1842,Hari Kerja,Hangat (20-30°C),8.306188925081432
2011-09-09,Panas,2011,9,0,Jumat,1,Berkabut/Mendung,26.650000000000002,28.9473,89.79169999999999,8.333393000000001,417,3127,3544,Hari Kerja,Hangat (20-30°C),11.766365688487584
2011-09-10,Panas,2011,9,0,Sabtu,0,Cerah/Berawan,27.060000000000002,30.3981,75.375,10.291736,1750,3595,5345,Akhir Pekan/Libur,Hangat (20-30°C),32.74087932647334
2011-09-11,Panas,2011,9,0,Minggu,0,Cerah/Berawan,26.786653,30.46145,71.375,7.708618,1633,3413,5046,Akhir Pekan/Libur,Hangat (20-30°C),32.362267142290925
2011-09-12,Panas,2011,9,0,Senin,1,Cerah/Berawan,26.418268,30.106500000000004,69.2174,5.957171000000001,690,4023,4713,Hari Kerja,Hangat (20-30°C),14.64035646085296
2011-09-13,Panas,2011,9,0,Selasa,1,Cerah/Berawan,26.684153,30.1777,71.25,9.500868,701,4062,4763,Hari Kerja,Hangat (20-30°C),14.717614948561831
2011-09-14,Panas,2011,9,0,Rabu,1,Cerah/Berawan,27.606652999999998,31.345,69.7083,11.2091,647,4138,4785,Hari Kerja,Hangat (20-30°C),13.521421107628004
2011-09-15,Panas,2011,9,0,Kamis,1,Berkabut/Mendung,23.677500000000002,27.68355,70.9167,18.166782,428,3231,3659,Hari Kerja,Hangat (20-30°C),11.697185023230391
2011-09-16,Panas,2011,9,0,Jumat,1,Berkabut/Mendung,19.235847,23.07375,59.0417,11.000261,742,4018,4760,Hari Kerja,Sejuk (10-20°C),15.588235294117647
2011-09-17,Panas,2011,9,0,Sabtu,0,Berkabut/Mendung,20.158347,23.9256,71.8333,12.708225,1434,3077,4511,Akhir Pekan/Libur,Hangat (20-30°C),31.788960319219683
2011-09-18,Panas,2011,9,0,Minggu,0,Cerah/Berawan,20.807499999999997,24.52685,69.5,11.958361,1353,2921,4274,Akhir Pekan/Libur,Hangat (20-30°C),31.656527842770238
2011-09-19,Panas,2011,9,0,Senin,1,Berkabut/Mendung,22.515846999999997,26.48375,69.0,10.166713999999999,691,3848,4539,Hari Kerja,Hangat (20-30°C),15.2236175369024
2011-09-20,Panas,2011,9,0,Selasa,1,Berkabut/Mendung,23.028347,26.610850000000003,88.125,9.041917999999999,438,3203,3641,Hari Kerja,Hangat (20-30°C),12.029662180719583
2011-09-21,Panas,2011,9,0,Rabu,1,Berkabut/Mendung,24.395,27.526650000000004,90.0,6.4590814,539,3813,4352,Hari Kerja,Hangat (20-30°C),12.385110294117647
2011-09-22,Panas,2011,9,0,Kamis,1,Berkabut/Mendung,25.761653000000003,27.74815,90.2083,8.584375,555,4240,4795,Hari Kerja,Hangat (20-30°C),11.574556830031282
2011-09-23,Gugur,2011,9,0,Jumat,1,Berkabut/Mendung,24.975847,26.106249999999996,97.25,5.2505689,258,2137,2395,Hari Kerja,Hangat (20-30°C),10.772442588726513
2011-09-24,Gugur,2011,9,0,Sabtu,0,Berkabut/Mendung,24.873347,28.2206,86.25,5.2516811,1776,3647,5423,Akhir Pekan/Libur,Hangat (20-30°C),32.749400700719164
2011-09-25,Gugur,2011,9,0,Minggu,0,Berkabut/Mendung,26.000847,28.631849999999996,84.5,3.3754064,1544,3466,5010,Akhir Pekan/Libur,Hangat (20-30°C),30.81836327345309
2011-09-26,Gugur,2011,9,0,Senin,1,Berkabut/Mendung,26.615847000000002,29.452099999999998,84.8333,7.4169,684,3946,4630,Hari Kerja,Hangat (20-30°C),14.773218142548597
2011-09-27,Gugur,2011,9,0,Selasa,1,Berkabut/Mendung,26.103347,28.726249999999997,88.5417,7.917457,477,3643,4120,Hari Kerja,Hangat (20-30°C),11.577669902912621
2011-09-28,Gugur,2011,9,0,Rabu,1,Berkabut/Mendung,26.035,28.757899999999996,84.875,9.958143000000002,480,3427,3907,Hari Kerja,Hangat (20-30°C),12.285641156897874
2011-09-29,Gugur,2011,9,0,Kamis,1,Cerah/Berawan,25.283347,28.7256,69.91669999999999,11.583161,653,4186,4839,Hari Kerja,Hangat (20-30°C),13.494523661913618
2011-09-30,Gugur,2011,9,0,Jumat,1,Cerah/Berawan,23.130847,27.24145,64.75,13.833825,830,4372,5202,Hari Kerja,Hangat (20-30°C),15.955401768550557
2011-10-01,Gugur,2011,10,0,Sabtu,0,Berkabut/Mendung,16.81,20.64315,75.375,19.583832,480,1949,2429,Akhir Pekan/Libur,Sejuk (10-20°C),19.761218608480856
2011-10-02,Gugur,2011,10,0,Minggu,0,Berkabut/Mendung,14.623347,17.26585,79.1667,14.874870999999999,616,2302,2918,Akhir Pekan/Libur,Sejuk (10-20°C),21.110349554489378
2011-10-03,Gugur,2011,10,0,Senin,1,Berkabut/Mendung,15.750846999999998,19.6023,76.0833,5.5841686,330,3240,3570,Hari Kerja,Sejuk (10-20°C),9.243697478991598
2011-10-04,Gugur,2011,10,0,Selasa,1,Cerah/Berawan,19.850847,23.6429,71.0,13.792218,486,3970,4456,Hari Kerja,Sejuk (10-20°C),10.906642728904847
2011-10-05,Gugur,2011,10,0,Rabu,1,Cerah/Berawan,22.071652999999998,26.3569,64.79169999999999,11.87575,559,4267,4826,Hari Kerja,Hangat (20-30°C),11.583091587235806
2011-10-06,Gugur,2011,10,0,Kamis,1,Cerah/Berawan,20.260847000000002,24.02125,62.083299999999994,9.041917999999999,639,4126,4765,Hari Kerja,Hangat (20-30°C),13.410283315844701
2011-10-07,Gugur,2011,10,0,Jumat,1,Cerah/Berawan,20.944153,25.2202,68.41669999999999,1.5002439,949,4036,4985,Hari Kerja,Hangat (20-30°C),19.037111334002006
2011-10-08,Gugur,2011,10,0,Sabtu,0,Cerah/Berawan,21.388347,25.6621,70.125,3.0420814,2235,3174,5409,Akhir Pekan/Libur,Hangat (20-30°C),41.32002218524681
2011-10-09,Gugur,2011,10,0,Minggu,0,Cerah/Berawan,22.174153,26.19915,72.75,4.251150000000001,2397,3114,5511,Akhir Pekan/Libur,Hangat (20-30°C),43.49482852476865
2011-10-10,Gugur,2011,10,1,Senin,0,Cerah/Berawan,23.404153,27.14625,73.375,2.8343814,1514,3603,5117,Akhir Pekan/Libur,Hangat (20-30°C),29.58764901309361
2011-10-11,Gugur,2011,10,0,Selasa,1,Berkabut/Mendung,23.233347000000002,27.3048,80.875,9.583814,667,3896,4563,Hari Kerja,Hangat (20-30°C),14.617576156037696
2011-10-12,Gugur,2011,10,0,Rabu,1,Hujan/Salju Ringan,22.276653,25.885849999999998,90.625,16.62605,217,2199,2416,Hari Kerja,Hangat (20-30°C),8.9817880794702
2011-10-13,Gugur,2011,10,0,Kamis,1,Berkabut/Mendung,24.155847,27.5902,89.6667,9.499729,290,2623,2913,Hari Kerja,Hangat (20-30°C),9.955372468245795
2011-10-14,Gugur,2011,10,0,Jumat,1,Berkabut/Mendung,22.584153,26.48375,71.625,15.000161,529,3115,3644,Hari Kerja,Hangat (20-30°C),14.517014270032929
2011-10-15,Gugur,2011,10,0,Sabtu,0,Cerah/Berawan,20.773346999999998,24.936249999999998,48.3333,17.291561,1899,3318,5217,Akhir Pekan/Libur,Hangat (20-30°C),36.400230017251296
2011-10-16,Gugur,2011,10,0,Minggu,0,Cerah/Berawan,20.978347,25.1577,48.6667,18.875039,1748,3293,5041,Akhir Pekan/Libur,Hangat (20-30°C),34.67565959135092
2011-10-17,Gugur,2011,10,0,Senin,1,Cerah/Berawan,21.900847,25.53625,57.958299999999994,11.750393,713,3857,4570,Hari Kerja,Hangat (20-30°C),15.60175054704595
2011-10-18,Gugur,2011,10,0,Selasa,1,Berkabut/Mendung,21.8325,26.13605,70.1667,7.375829,637,4111,4748,Hari Kerja,Hangat (20-30°C),13.416175231676494
2011-10-19,Gugur,2011,10,0,Rabu,1,Hujan/Salju Ringan,22.211299,25.6924,89.52170000000001,16.303713,254,2170,2424,Hari Kerja,Hangat (20-30°C),10.478547854785479
2011-10-20,Gugur,2011,10,0,Kamis,1,Cerah/Berawan,19.509153,23.32625,63.625,28.292425,471,3724,4195,Hari Kerja,Sejuk (10-20°C),11.227651966626937
2011-10-21,Gugur,2011,10,0,Jumat,1,Cerah/Berawan,17.5275,21.1798,57.4167,14.833532,676,3628,4304,Hari Kerja,Sejuk (10-20°C),15.706319702602231
2011-10-22,Gugur,2011,10,0,Sabtu,0,Cerah/Berawan,17.322499999999998,21.2746,62.916700000000006,6.2086689,1499,2809,4308,Akhir Pekan/Libur,Sejuk (10-20°C),34.79572887650882
2011-10-23,Gugur,2011,10,0,Minggu,0,Cerah/Berawan,17.288347,21.11665,74.125,6.6673375,1619,2762,4381,Akhir Pekan/Libur,Sejuk (10-20°C),36.955033097466334
2011-10-24,Gugur,2011,10,0,Senin,1,Cerah/Berawan,18.996653,22.85335,77.2083,7.959064,699,3488,4187,Hari Kerja,Sejuk (10-20°C),16.69453069023167
2011-10-25,Gugur,2011,10,0,Selasa,1,Cerah/Berawan,19.338347,23.16875,62.291700000000006,11.166086,695,3992,4687,Hari Kerja,Sejuk (10-20°C),14.828248346490291
2011-10-26,Gugur,2011,10,0,Rabu,1,Berkabut/Mendung,19.850847,23.6423,72.04169999999999,9.959014,404,3490,3894,Hari Kerja,Sejuk (10-20°C),10.374935798664612
2011-10-27,Gugur,2011,10,0,Kamis,1,Berkabut/Mendung,19.27,22.8523,81.2917,13.250121,240,2419,2659,Hari Kerja,Sejuk (10-20°C),9.025949605114706
2011-10-28,Gugur,2011,10,0,Jumat,1,Berkabut/Mendung,13.564153,15.9406,58.58330000000001,15.375093,456,3291,3747,Hari Kerja,Sejuk (10-20°C),12.169735788630904
2011-10-29,Gugur,2011,10,0,Sabtu,0,Hujan/Salju Ringan,10.420846999999998,11.39565,88.25,23.541857,57,570,627,Akhir Pekan/Libur,Sejuk (10-20°C),9.090909090909092
2011-10-30,Gugur,2011,10,0,Minggu,0,Cerah/Berawan,13.085847,16.06645,62.375,11.833339,885,2446,3331,Akhir Pekan/Libur,Sejuk (10-20°C),26.568598018613027
2011-10-31,Gugur,2011,10,0,Senin,1,Cerah/Berawan,13.940000000000001,17.803150000000002,70.3333,7.12545,362,3307,3669,Hari Kerja,Sejuk (10-20°C),9.866448623603162
2011-11-01,Gugur,2011,11,0,Selasa,1,Cerah/Berawan,16.434153,19.8544,68.375,9.083257,410,3658,4068,Hari Kerja,Sejuk (10-20°C),10.07866273352999
2011-11-02,Gugur,2011,11,0,Rabu,1,Cerah/Berawan,15.477500000000001,19.50665,71.875,5.5001439,370,3816,4186,Hari Kerja,Sejuk (10-20°C),8.838987099856666
2011-11-03,Gugur,2011,11,0,Kamis,1,Cerah/Berawan,16.741653,20.296049999999997,70.20830000000001,9.166739,318,3656,3974,Hari Kerja,Sejuk (10-20°C),8.002013085052843
2011-11-04,Gugur,2011,11,0,Jumat,1,Berkabut/Mendung,16.536653,20.1696,62.25000000000001,18.209193,470,3576,4046,Hari Kerja,Sejuk (10-20°C),11.61641127039051
2011-11-05,Gugur,2011,11,0,Sabtu,0,Cerah/Berawan,13.393346999999999,16.1927,51.916700000000006,12.667154,1156,2770,3926,Akhir Pekan/Libur,Sejuk (10-20°C),29.44472745797249
2011-11-06,Gugur,2011,11,0,Minggu,0,Cerah/Berawan,14.281653,18.117900000000002,73.4583,6.1676314,952,2697,3649,Akhir Pekan/Libur,Sejuk (10-20°C),26.089339545080843
2011-11-07,Gugur,2011,11,0,Senin,1,Cerah/Berawan,16.195,20.04355,75.875,3.834075,373,3662,4035,Hari Kerja,Sejuk (10-20°C),9.244114002478316
2011-11-08,Gugur,2011,11,0,Selasa,1,Cerah/Berawan,16.741653,20.6123,72.16669999999999,4.6255125,376,3829,4205,Hari Kerja,Sejuk (10-20°C),8.941736028537456
2011-11-09,Gugur,2011,11,0,Rabu,1,Cerah/Berawan,16.400000000000002,20.453950000000003,75.83330000000001,4.1671186,305,3804,4109,Hari Kerja,Sejuk (10-20°C),7.422730591384766
2011-11-10,Gugur,2011,11,0,Kamis,1,Berkabut/Mendung,15.58,18.68605,81.3333,12.667489000000002,190,2743,2933,Hari Kerja,Sejuk (10-20°C),6.4780088646437095
2011-11-11,Gugur,2011,11,1,Jumat,0,Cerah/Berawan,13.290847,15.34085,44.625,21.083225,440,2928,3368,Akhir Pekan/Libur,Sejuk (10-20°C),13.064133016627078
2011-11-12,Gugur,2011,11,0,Sabtu,0,Cerah/Berawan,14.623347,17.8971,55.2917,14.208154,1275,2792,4067,Akhir Pekan/Libur,Sejuk (10-20°C),31.349889353331694
2011-11-13,Gugur,2011,11,0,Minggu,0,Cerah/Berawan,18.074153,21.5275,45.8333,18.875307,1004,2713,3717,Akhir Pekan/Libur,Sejuk (10-20°C),27.011030400860907
2011-11-14,Gugur,2011,11,0,Senin,1,Cerah/Berawan,21.73,26.2306,58.7083,20.541932,595,3891,4486,Hari Kerja,Hangat (20-30°C),13.26348640213999
2011-11-15,Gugur,2011,11,0,Selasa,1,Berkabut/Mendung,21.73,25.37895,68.875,13.375411,449,3746,4195,Hari Kerja,Hangat (20-30°C),10.70321811680572
2011-11-16,Gugur,2011,11,0,Rabu,1,Hujan/Salju Ringan,18.723347,22.5994,93.0,9.167543,145,1672,1817,Hari Kerja,Sejuk (10-20°C),7.98018712162906
2011-11-17,Gugur,2011,11,0,Kamis,1,Berkabut/Mendung,14.008347,16.16105,57.5833,20.459254,139,2914,3053,Hari Kerja,Sejuk (10-20°C),4.552898788077301
2011-11-18,Gugur,2011,11,0,Jumat,1,Cerah/Berawan,11.240847,13.63605,41.0,11.291711,245,3147,3392,Hari Kerja,Sejuk (10-20°C),7.222877358490567
2011-11-19,Gugur,2011,11,0,Sabtu,0,Cerah/Berawan,13.495847,16.22415,50.208299999999994,15.041232,943,2720,3663,Akhir Pekan/Libur,Sejuk (10-20°C),25.743925743925743
2011-11-20,Gugur,2011,11,0,Minggu,0,Berkabut/Mendung,18.996653,22.8529,68.45830000000001,12.45865,787,2733,3520,Akhir Pekan/Libur,Sejuk (10-20°C),22.357954545454543
2011-11-21,Gugur,2011,11,0,Senin,1,Hujan/Salju Ringan,18.3475,22.2531,91.0,9.249618,220,2545,2765,Hari Kerja,Sejuk (10-20°C),7.956600361663653
2011-11-22,Gugur,2011,11,0,Selasa,1,Hujan/Salju Ringan,17.083347,21.0848,96.25,7.959064,69,1538,1607,Hari Kerja,Sejuk (10-20°C),4.293714996888612
2011-11-23,Gugur,2011,11,0,Rabu,1,Berkabut/Mendung,18.074153,21.52685,75.79169999999999,22.500275,112,2454,2566,Hari Kerja,Sejuk (10-20°C),4.364770070148091
2011-11-24,Gugur,2011,11,1,Kamis,0,Cerah/Berawan,15.306653,18.62355,54.9167,11.209368000000001,560,935,1495,Akhir Pekan/Libur,Sejuk (10-20°C),37.45819397993311
2011-11-25,Gugur,2011,11,0,Jumat,1,Cerah/Berawan,15.375,19.033549999999998,64.375,6.6260186,1095,1697,2792,Hari Kerja,Sejuk (10-20°C),39.21919770773639
2011-11-26,Gugur,2011,11,0,Sabtu,0,Cerah/Berawan,15.409152999999998,19.254350000000002,68.1667,4.5841936,1249,1819,3068,Akhir Pekan/Libur,Sejuk (10-20°C),40.710560625814864
2011-11-27,Gugur,2011,11,0,Minggu,0,Cerah/Berawan,18.825847,22.79,69.8333,13.999918,810,2261,3071,Akhir Pekan/Libur,Sejuk (10-20°C),26.37577336372517
2011-11-28,Gugur,2011,11,0,Senin,1,Cerah/Berawan,20.642598,24.5061,74.3043,9.522174,253,3614,3867,Hari Kerja,Hangat (20-30°C),6.542539436255495
2011-11-29,Gugur,2011,11,0,Selasa,1,Berkabut/Mendung,18.791653,22.56875,83.08330000000001,17.292164,96,2818,2914,Hari Kerja,Sejuk (10-20°C),3.2944406314344548
2011-11-30,Gugur,2011,11,0,Rabu,1,Cerah/Berawan,13.325000000000001,15.561050000000002,61.3333,18.167586,188,3425,3613,Hari Kerja,Sejuk (10-20°C),5.203432050927207
2011-12-01,Gugur,2011,12,0,Kamis,1,Cerah/Berawan,12.8125,15.2777,52.4583,14.750586,182,3545,3727,Hari Kerja,Sejuk (10-20°C),4.883284142742152
2011-12-02,Gugur,2011,12,0,Jumat,1,Cerah/Berawan,12.880847,16.571649999999998,62.583299999999994,6.750518,268,3672,3940,Hari Kerja,Sejuk (10-20°C),6.802030456852792
2011-12-03,Gugur,2011,12,0,Sabtu,0,Cerah/Berawan,12.265847,15.530199999999999,61.291700000000006,6.4174811,706,2908,3614,Akhir Pekan/Libur,Sejuk (10-20°C),19.53514111787493
2011-12-04,Gugur,2011,12,0,Minggu,0,Cerah/Berawan,13.564153,17.455000000000002,77.5833,5.6252061,634,2851,3485,Akhir Pekan/Libur,Sejuk (10-20°C),18.1922525107604
2011-12-05,Gugur,2011,12,0,Senin,1,Berkabut/Mendung,15.819153,19.696250000000003,82.70830000000001,4.1679561000000005,233,3578,3811,Hari Kerja,Sejuk (10-20°C),6.113880871162425
2011-12-06,Gugur,2011,12,0,Selasa,1,Hujan/Salju Ringan,18.962500000000002,22.82,94.9583,15.583061,126,2468,2594,Hari Kerja,Sejuk (10-20°C),4.857363145720894
2011-12-07,Gugur,2011,12,0,Rabu,1,Hujan/Salju Ringan,16.81,20.0123,97.04169999999999,17.833725,50,655,705,Hari Kerja,Sejuk (10-20°C),7.092198581560284
2011-12-08,Gugur,2011,12,0,Kamis,1,Cerah/Berawan,10.899153,12.8469,57.99999999999999,16.083886,150,3172,3322,Hari Kerja,Sejuk (10-20°C),4.515352197471403
2011-12-09,Gugur,2011,12,0,Jumat,1,Cerah/Berawan,11.924153,15.877099999999999,69.58330000000001,5.5420189,261,3359,3620,Hari Kerja,Sejuk (10-20°C),7.209944751381216
2011-12-10,Gugur,2011,12,0,Sabtu,0,Cerah/Berawan,11.275,13.320599999999999,50.74999999999999,15.625807,502,2688,3190,Akhir Pekan/Libur,Sejuk (10-20°C),15.73667711598746
2011-12-11,Gugur,2011,12,0,Minggu,0,Cerah/Berawan,9.054153,12.6577,49.0,4.458293899999999,377,2366,2743,Akhir Pekan/Libur,Dingin (<10°C),13.744075829383887
2011-12-12,Gugur,2011,12,0,Senin,1,Cerah/Berawan,9.771652999999999,13.5098,67.08330000000001,4.251150000000001,143,3167,3310,Hari Kerja,Dingin (<10°C),4.3202416918429
2011-12-13,Gugur,2011,12,0,Selasa,1,Cerah/Berawan,11.5825,15.0569,59.0,9.41685,155,3368,3523,Hari Kerja,Sejuk (10-20°C),4.399659381209196
2011-12-14,Gugur,2011,12,0,Rabu,1,Berkabut/Mendung,13.0175,16.9181,66.375,4.0842061,178,3562,3740,Hari Kerja,Sejuk (10-20°C),4.759358288770053
2011-12-15,Gugur,2011,12,0,Kamis,1,Berkabut/Mendung,17.322499999999998,20.61185,63.416700000000006,17.958814,181,3528,3709,Hari Kerja,Sejuk (10-20°C),4.880021569156106
2011-12-16,Gugur,2011,12,0,Jumat,1,Berkabut/Mendung,15.375,17.99125,50.0417,17.458525,178,3399,3577,Hari Kerja,Sejuk (10-20°C),4.976237070170534
2011-12-17,Gugur,2011,12,0,Sabtu,0,Berkabut/Mendung,10.591652999999999,12.46855,56.0833,16.292189,275,2464,2739,Akhir Pekan/Libur,Sejuk (10-20°C),10.040160642570282
2011-12-18,Gugur,2011,12,0,Minggu,0,Cerah/Berawan,9.771652999999999,12.27895,58.62500000000001,11.375193000000001,220,2211,2431,Akhir Pekan/Libur,Dingin (<10°C),9.049773755656108
2011-12-19,Gugur,2011,12,0,Senin,1,Cerah/Berawan,11.343347,14.04665,63.74999999999999,11.584031999999999,260,3143,3403,Hari Kerja,Sejuk (10-20°C),7.640317367029093
2011-12-20,Gugur,2011,12,0,Selasa,1,Berkabut/Mendung,15.819153,19.822699999999998,59.5417,4.1252436,216,3534,3750,Hari Kerja,Sejuk (10-20°C),5.76
2011-12-21,Dingin,2011,12,0,Rabu,1,Berkabut/Mendung,17.561653,21.40085,85.83330000000001,14.8338,107,2553,2660,Hari Kerja,Sejuk (10-20°C),4.022556390977443
2011-12-22,Dingin,2011,12,0,Kamis,1,Berkabut/Mendung,17.356653,21.306050000000003,75.75,3.1674249999999997,227,2841,3068,Hari Kerja,Sejuk (10-20°C),7.398956975228161
2011-12-23,Dingin,2011,12,0,Jumat,1,Cerah/Berawan,15.306653,18.87565,68.625,18.374482,163,2046,2209,Hari Kerja,Sejuk (10-20°C),7.378904481665913
2011-12-24,Dingin,2011,12,0,Sabtu,0,Cerah/Berawan,12.4025,14.9621,54.25,12.750368,155,856,1011,Akhir Pekan/Libur,Sejuk (10-20°C),15.33135509396637
2011-12-25,Dingin,2011,12,0,Minggu,0,Cerah/Berawan,11.266103,13.998050000000001,68.13040000000001,10.391097,303,451,754,Akhir Pekan/Libur,Sejuk (10-20°C),40.185676392572944
2011-12-26,Dingin,2011,12,1,Senin,0,Cerah/Berawan,13.191299,15.77675,50.6957,16.044155,430,887,1317,Akhir Pekan/Libur,Sejuk (10-20°C),32.64996203492787
2011-12-27,Dingin,2011,12,0,Selasa,1,Berkabut/Mendung,13.325000000000001,16.38165,76.25,12.62615,103,1059,1162,Hari Kerja,Sejuk (10-20°C),8.864027538726333
2011-12-28,Dingin,2011,12,0,Rabu,1,Cerah/Berawan,12.264330000000001,13.9987,50.39130000000001,19.695386999999997,255,2047,2302,Hari Kerja,Sejuk (10-20°C),11.07732406602954
2011-12-29,Dingin,2011,12,0,Kamis,1,Cerah/Berawan,10.181653,13.194600000000001,57.4167,8.000604000000001,254,2169,2423,Hari Kerja,Sejuk (10-20°C),10.482872472141972
2011-12-30,Dingin,2011,12,0,Jumat,1,Cerah/Berawan,12.778347000000002,15.9406,63.6667,9.000579,491,2508,2999,Hari Kerja,Sejuk (10-20°C),16.372124041347117
2011-12-31,Dingin,2011,12,0,Sabtu,0,Cerah/Berawan,16.81,20.70605,61.583299999999994,14.750318,665,1820,2485,Akhir Pekan/Libur,Sejuk (10-20°C),26.76056338028169
2012-01-01,Dingin,2012,1,0,Minggu,0,Cerah/Berawan,15.17,18.78105,69.25,12.875189,686,1608,2294,Akhir Pekan/Libur,Sejuk (10-20°C),29.90409764603313
2012-01-02,Dingin,2012,1,1,Senin,0,Cerah/Berawan,11.194763,12.615199999999998,38.130399999999995,22.087555,244,1707,1951,Akhir Pekan/Libur,Sejuk (10-20°C),12.506406970784214
2012-01-03,Dingin,2012,1,0,Selasa,1,Cerah/Berawan,6.1499999999999995,6.31375,44.125,24.499957000000002,89,2147,2236,Hari Kerja,Dingin (<10°C),3.9803220035778173
2012-01-04,Dingin,2012,1,0,Rabu,1,Berkabut/Mendung,4.4075,5.96685,41.4583,12.3749,95,2273,2368,Hari Kerja,Dingin (<10°C),4.011824324324325
2012-01-05,Dingin,2012,1,0,Kamis,1,Cerah/Berawan,10.899153,13.9206,52.416700000000006,8.709128999999999,140,3132,3272,Hari Kerja,Sejuk (10-20°C),4.278728606356968
2012-01-06,Dingin,2012,1,0,Jumat,1,Cerah/Berawan,13.700847,17.01335,54.2083,11.249836,307,3791,4098,Hari Kerja,Sejuk (10-20°C),7.491459248413861
2012-01-07,Dingin,2012,1,0,Sabtu,0,Cerah/Berawan,16.126653,19.53895,53.1667,11.708786,1070,3451,4521,Akhir Pekan/Libur,Sejuk (10-20°C),23.667330236673305
2012-01-08,Dingin,2012,1,0,Minggu,0,Cerah/Berawan,13.8375,17.012900000000002,46.5,12.833314,599,2826,3425,Akhir Pekan/Libur,Sejuk (10-20°C),17.489051094890513
2012-01-09,Dingin,2012,1,0,Senin,1,Berkabut/Mendung,9.190847,12.37395,70.1667,6.6263000000000005,106,2270,2376,Hari Kerja,Dingin (<10°C),4.461279461279461
2012-01-10,Dingin,2012,1,0,Selasa,1,Cerah/Berawan,12.656536000000001,15.9413,64.65220000000001,12.565984,173,3425,3598,Hari Kerja,Sejuk (10-20°C),4.808226792662591
2012-01-11,Dingin,2012,1,0,Rabu,1,Berkabut/Mendung,11.240847,14.14105,84.75,8.791807,92,2085,2177,Hari Kerja,Sejuk (10-20°C),4.225999081304548
2012-01-12,Dingin,2012,1,0,Kamis,1,Berkabut/Mendung,15.682500000000001,19.0969,80.2917,12.124789,269,3828,4097,Hari Kerja,Sejuk (10-20°C),6.565779838906518
2012-01-13,Dingin,2012,1,0,Jumat,1,Cerah/Berawan,11.240847,12.4681,50.74999999999999,25.333236,174,3040,3214,Hari Kerja,Sejuk (10-20°C),5.413814561294338
2012-01-14,Dingin,2012,1,0,Sabtu,0,Cerah/Berawan,7.38,9.15435,45.75,12.541260999999999,333,2160,2493,Akhir Pekan/Libur,Dingin (<10°C),13.357400722021662
2012-01-15,Dingin,2012,1,0,Minggu,0,Cerah/Berawan,6.833347000000001,8.081249999999999,41.9167,16.834286,284,2027,2311,Akhir Pekan/Libur,Dingin (<10°C),12.289052358286456
2012-01-16,Dingin,2012,1,1,Senin,0,Cerah/Berawan,7.79,9.53315,52.25,15.500986000000001,217,2081,2298,Akhir Pekan/Libur,Dingin (<10°C),9.442993907745866
2012-01-17,Dingin,2012,1,0,Selasa,1,Berkabut/Mendung,15.294763,18.2139,71.6087,23.39171,127,2808,2935,Hari Kerja,Sejuk (10-20°C),4.327086882453152
2012-01-18,Dingin,2012,1,0,Rabu,1,Cerah/Berawan,12.436653000000002,13.7627,44.333299999999994,27.833743,109,3267,3376,Hari Kerja,Sejuk (10-20°C),3.2286729857819907
2012-01-19,Dingin,2012,1,0,Kamis,1,Cerah/Berawan,7.79,9.501900000000001,49.75,14.750586,130,3162,3292,Hari Kerja,Dingin (<10°C),3.948967193195626
2012-01-20,Dingin,2012,1,0,Jumat,1,Berkabut/Mendung,8.9175,11.047899999999998,45.0,13.58425,115,3048,3163,Hari Kerja,Dingin (<10°C),3.635788808093582
2012-01-21,Dingin,2012,1,0,Sabtu,0,Berkabut/Mendung,7.106653,8.74375,83.125,14.917014,67,1234,1301,Akhir Pekan/Libur,Dingin (<10°C),5.14988470407379
2012-01-22,Dingin,2012,1,0,Minggu,0,Berkabut/Mendung,6.6625000000000005,8.1125,79.625,13.375746000000001,196,1781,1977,Akhir Pekan/Libur,Dingin (<10°C),9.914011127971674
2012-01-23,Dingin,2012,1,0,Senin,1,Berkabut/Mendung,8.951653,12.152899999999999,91.125,7.417436,145,2287,2432,Hari Kerja,Dingin (<10°C),5.962171052631579
2012-01-24,Dingin,2012,1,0,Selasa,1,Cerah/Berawan,14.0425,17.455399999999997,83.58330000000001,8.292389,439,3900,4339,Hari Kerja,Sejuk (10-20°C),10.117538603364832
2012-01-25,Dingin,2012,1,0,Rabu,1,Cerah/Berawan,12.060847,14.74105,64.375,10.791756999999999,467,3803,4270,Hari Kerja,Sejuk (10-20°C),10.936768149882905
2012-01-26,Dingin,2012,1,0,Kamis,1,Berkabut/Mendung,14.008347,17.8025,76.95830000000001,4.9175186,244,3831,4075,Hari Kerja,Sejuk (10-20°C),5.987730061349693
2012-01-27,Dingin,2012,1,0,Jumat,1,Berkabut/Mendung,17.425,20.76915,74.125,22.958689,269,3187,3456,Hari Kerja,Sejuk (10-20°C),7.783564814814816
2012-01-28,Dingin,2012,1,0,Sabtu,0,Cerah/Berawan,12.949152999999999,16.318949999999997,54.333299999999994,14.125542999999999,775,3248,4023,Akhir Pekan/Libur,Sejuk (10-20°C),19.26423067362665
2012-01-29,Dingin,2012,1,0,Minggu,0,Cerah/Berawan,11.5825,13.63605,31.125000000000004,16.08335,558,2685,3243,Akhir Pekan/Libur,Sejuk (10-20°C),17.206290471785383
2012-01-30,Dingin,2012,1,0,Senin,1,Cerah/Berawan,11.035847,13.13125,40.0833,14.458064,126,3498,3624,Hari Kerja,Sejuk (10-20°C),3.47682119205298
2012-01-31,Dingin,2012,1,0,Selasa,1,Cerah/Berawan,15.99,19.06585,41.6667,17.541739,324,4185,4509,Hari Kerja,Sejuk (10-20°C),7.18562874251497
2012-02-01,Dingin,2012,2,0,Rabu,1,Cerah/Berawan,19.235847,23.326900000000002,50.79169999999999,12.667489000000002,304,4275,4579,Hari Kerja,Sejuk (10-20°C),6.639004149377594
2012-02-02,Dingin,2012,2,0,Kamis,1,Berkabut/Mendung,16.365847,19.94855,67.29169999999999,12.541528999999999,190,3571,3761,Hari Kerja,Sejuk (10-20°C),5.051847912789151
2012-02-03,Dingin,2012,2,0,Jumat,1,Cerah/Berawan,12.846652999999998,15.4673,52.6667,11.959232,310,3841,4151,Hari Kerja,Sejuk (10-20°C),7.468079980727535
2012-02-04,Dingin,2012,2,0,Sabtu,0,Berkabut/Mendung,10.830846999999999,13.63625,77.95830000000001,8.167032,384,2448,2832,Akhir Pekan/Libur,Sejuk (10-20°C),13.559322033898304
2012-02-05,Dingin,2012,2,0,Minggu,0,Berkabut/Mendung,10.899153,13.22605,68.7917,11.791732000000001,318,2629,2947,Akhir Pekan/Libur,Sejuk (10-20°C),10.790634543603666
2012-02-06,Dingin,2012,2,0,Senin,1,Cerah/Berawan,11.586969,14.8213,62.2174,10.304599999999999,206,3578,3784,Hari Kerja,Sejuk (10-20°C),5.443974630021142
2012-02-07,Dingin,2012,2,0,Selasa,1,Cerah/Berawan,14.520847,18.0552,49.625,9.874393000000001,199,4176,4375,Hari Kerja,Sejuk (10-20°C),4.548571428571429
2012-02-08,Dingin,2012,2,0,Rabu,1,Berkabut/Mendung,10.523347,13.321050000000001,72.2917,8.959307,109,2693,2802,Hari Kerja,Sejuk (10-20°C),3.890078515346181
2012-02-09,Dingin,2012,2,0,Kamis,1,Cerah/Berawan,10.865,13.0994,56.2083,13.000478999999999,163,3667,3830,Hari Kerja,Sejuk (10-20°C),4.255874673629243
2012-02-10,Dingin,2012,2,0,Jumat,1,Berkabut/Mendung,11.514153,14.6779,54.0,7.834243000000001,227,3604,3831,Hari Kerja,Sejuk (10-20°C),5.925345862699034
2012-02-11,Dingin,2012,2,0,Sabtu,0,Hujan/Salju Ringan,9.190847,10.54335,73.125,19.416332,192,1977,2169,Akhir Pekan/Libur,Dingin (<10°C),8.852005532503458
2012-02-12,Dingin,2012,2,0,Minggu,0,Cerah/Berawan,5.2275,5.0828999999999995,46.4583,27.417204,73,1456,1529,Akhir Pekan/Libur,Dingin (<10°C),4.774362328319163
2012-02-13,Dingin,2012,2,0,Senin,1,Cerah/Berawan,9.1225,11.39565,41.125,11.207961,94,3328,3422,Hari Kerja,Dingin (<10°C),2.7469316189362947
2012-02-14,Dingin,2012,2,0,Selasa,1,Berkabut/Mendung,13.085847,16.697300000000002,50.875,9.458993,135,3787,3922,Hari Kerja,Sejuk (10-20°C),3.442121366649668
2012-02-15,Dingin,2012,2,0,Rabu,1,Cerah/Berawan,14.281653,17.58145,53.125,12.167200000000001,141,4028,4169,Hari Kerja,Sejuk (10-20°C),3.382106020628448
2012-02-16,Dingin,2012,2,0,Kamis,1,Berkabut/Mendung,12.983346999999998,16.5081,75.29169999999999,6.125475000000001,74,2931,3005,Hari Kerja,Sejuk (10-20°C),2.4625623960066556
2012-02-17,Dingin,2012,2,0,Jumat,1,Cerah/Berawan,14.076653,17.58145,63.4583,13.791682,349,3805,4154,Hari Kerja,Sejuk (10-20°C),8.401540683678382
2012-02-18,Dingin,2012,2,0,Sabtu,0,Cerah/Berawan,14.213347,17.77125,53.4583,12.792243,1435,2883,4318,Akhir Pekan/Libur,Sejuk (10-20°C),33.23297823066234
2012-02-19,Dingin,2012,2,0,Minggu,0,Berkabut/Mendung,11.48,13.2894,51.5833,16.958504,618,2071,2689,Akhir Pekan/Libur,Sejuk (10-20°C),22.98252138341391
2012-02-20,Dingin,2012,2,1,Senin,0,Cerah/Berawan,11.48,13.66955,50.7826,15.348561,502,2627,3129,Akhir Pekan/Libur,Sejuk (10-20°C),16.043464365612017
2012-02-21,Dingin,2012,2,0,Selasa,1,Cerah/Berawan,11.800866000000001,14.755650000000001,59.434799999999996,13.783039,163,3614,3777,Hari Kerja,Sejuk (10-20°C),4.315594387079693
2012-02-22,Dingin,2012,2,0,Rabu,1,Cerah/Berawan,16.229153,19.63335,56.7917,15.709557,394,4379,4773,Hari Kerja,Sejuk (10-20°C),8.254766394301278
2012-02-23,Dingin,2012,2,0,Kamis,1,Cerah/Berawan,18.620846999999998,22.2223,55.45830000000001,12.791171,516,4546,5062,Hari Kerja,Sejuk (10-20°C),10.193599367838798
2012-02-24,Dingin,2012,2,0,Jumat,1,Berkabut/Mendung,16.7075,20.54855,73.75,15.916989,246,3241,3487,Hari Kerja,Sejuk (10-20°C),7.054774878118726
2012-02-25,Dingin,2012,2,0,Sabtu,0,Cerah/Berawan,11.924153,12.78375,39.5833,28.250014,317,2415,2732,Akhir Pekan/Libur,Sejuk (10-20°C),11.603221083455344
2012-02-26,Dingin,2012,2,0,Minggu,0,Cerah/Berawan,11.445847,13.4154,41.0,13.750342999999999,515,2874,3389,Akhir Pekan/Libur,Sejuk (10-20°C),15.19622307465329
2012-02-27,Dingin,2012,2,0,Senin,1,Cerah/Berawan,15.033347000000001,17.8977,49.0833,17.958211000000002,253,4069,4322,Hari Kerja,Sejuk (10-20°C),5.853771402128644
2012-02-28,Dingin,2012,2,0,Selasa,1,Cerah/Berawan,14.725847,17.67625,39.5833,12.958939,229,4134,4363,Hari Kerja,Sejuk (10-20°C),5.24868209947284
2012-02-29,Dingin,2012,2,0,Rabu,1,Berkabut/Mendung,14.118267999999999,17.4235,80.4783,12.000839,65,1769,1834,Hari Kerja,Sejuk (10-20°C),3.544165757906216
2012-03-01,Dingin,2012,3,0,Kamis,1,Cerah/Berawan,19.919153,23.768549999999998,61.5417,15.208129,325,4665,4990,Hari Kerja,Sejuk (10-20°C),6.513026052104208
2012-03-02,Dingin,2012,3,0,Jumat,1,Berkabut/Mendung,14.486653,17.9921,65.7083,9.708568,246,2948,3194,Hari Kerja,Sejuk (10-20°C),7.701941139636818
2012-03-03,Dingin,2012,3,0,Sabtu,0,Berkabut/Mendung,16.980847,20.6746,62.125,10.792293,956,3110,4066,Akhir Pekan/Libur,Sejuk (10-20°C),23.512051155927203
2012-03-04,Dingin,2012,3,0,Minggu,0,Cerah/Berawan,13.359153,15.15105,40.3333,22.416257,710,2713,3423,Akhir Pekan/Libur,Sejuk (10-20°C),20.74203914694712
2012-03-05,Dingin,2012,3,0,Senin,1,Cerah/Berawan,9.976652999999999,12.05855,50.625,15.333486,203,3130,3333,Hari Kerja,Dingin (<10°C),6.0906090609060906
2012-03-06,Dingin,2012,3,0,Selasa,1,Cerah/Berawan,10.591652999999999,12.752099999999999,45.6667,13.458625,221,3735,3956,Hari Kerja,Sejuk (10-20°C),5.5864509605662285
2012-03-07,Dingin,2012,3,0,Rabu,1,Cerah/Berawan,16.570847,19.255,51.3333,23.167193,432,4484,4916,Hari Kerja,Sejuk (10-20°C),8.787632221318145
2012-03-08,Dingin,2012,3,0,Kamis,1,Cerah/Berawan,21.627499999999998,26.230199999999996,56.75,29.584721,486,4896,5382,Hari Kerja,Hangat (20-30°C),9.03010033444816
2012-03-09,Dingin,2012,3,0,Jumat,1,Berkabut/Mendung,16.844153,19.85415,40.708299999999994,27.7916,447,4122,4569,Hari Kerja,Sejuk (10-20°C),9.783322390019698
2012-03-10,Dingin,2012,3,0,Sabtu,0,Cerah/Berawan,11.7875,13.888349999999999,35.0417,15.125250000000001,968,3150,4118,Akhir Pekan/Libur,Sejuk (10-20°C),23.506556580864498
2012-03-11,Dingin,2012,3,0,Minggu,0,Cerah/Berawan,14.831299,17.9835,47.6957,14.913329000000001,1658,3253,4911,Akhir Pekan/Libur,Sejuk (10-20°C),33.760944817756055
2012-03-12,Dingin,2012,3,0,Senin,1,Cerah/Berawan,19.133347,22.9796,48.9167,13.916771,838,4460,5298,Hari Kerja,Sejuk (10-20°C),15.81728954322386
2012-03-13,Dingin,2012,3,0,Selasa,1,Cerah/Berawan,23.165,27.14645,61.75000000000001,15.87565,762,5085,5847,Hari Kerja,Hangat (20-30°C),13.032324268855824
2012-03-14,Dingin,2012,3,0,Rabu,1,Cerah/Berawan,23.4725,27.43085,50.708299999999994,7.709154,997,5315,6312,Hari Kerja,Hangat (20-30°C),15.79531051964512
2012-03-15,Dingin,2012,3,0,Kamis,1,Cerah/Berawan,22.857499999999998,26.64125,57.958299999999994,10.042161,1005,5187,6192,Hari Kerja,Hangat (20-30°C),16.23062015503876
2012-03-16,Dingin,2012,3,0,Jumat,1,Berkabut/Mendung,17.869153,21.81145,84.20830000000001,7.583864,548,3830,4378,Hari Kerja,Sejuk (10-20°C),12.517131110095933
2012-03-17,Dingin,2012,3,0,Sabtu,0,Berkabut/Mendung,21.080847000000002,25.252299999999998,75.5833,7.417168,3155,4681,7836,Akhir Pekan/Libur,Hangat (20-30°C),40.26288922919857
2012-03-18,Dingin,2012,3,0,Minggu,0,Berkabut/Mendung,19.3725,23.200000000000003,81.0,8.501161,2207,3685,5892,Akhir Pekan/Libur,Sejuk (10-20°C),37.457569585879156
2012-03-19,Dingin,2012,3,0,Senin,1,Cerah/Berawan,22.345000000000002,26.64105,72.875,10.875238999999999,982,5171,6153,Hari Kerja,Hangat (20-30°C),15.959694457987975
2012-03-20,Dingin,2012,3,0,Selasa,1,Cerah/Berawan,22.994153,26.926650000000002,80.7917,8.125157,1051,5042,6093,Hari Kerja,Hangat (20-30°C),17.249302478253732
2012-03-21,Semi,2012,3,0,Rabu,1,Berkabut/Mendung,21.798347,25.6629,82.125,6.000406099999999,1122,5108,6230,Hari Kerja,Hangat (20-30°C),18.00963081861958
2012-03-22,Semi,2012,3,0,Kamis,1,Cerah/Berawan,22.720847,26.57835,83.125,7.876654,1334,5537,6871,Hari Kerja,Hangat (20-30°C),19.41493232426139
2012-03-23,Semi,2012,3,0,Jumat,1,Berkabut/Mendung,24.668346999999997,28.50335,69.41669999999999,7.7921000000000005,2469,5893,8362,Hari Kerja,Hangat (20-30°C),29.526429083951207
2012-03-24,Semi,2012,3,0,Sabtu,0,Berkabut/Mendung,20.6025,24.336650000000002,88.5417,12.916461,1033,2339,3372,Akhir Pekan/Libur,Hangat (20-30°C),30.634638196915777
2012-03-25,Semi,2012,3,0,Minggu,0,Berkabut/Mendung,17.9375,21.874399999999998,88.0833,14.791924999999999,1532,3464,4996,Akhir Pekan/Libur,Sejuk (10-20°C),30.66453162530024
2012-03-26,Semi,2012,3,0,Senin,1,Cerah/Berawan,18.279153,21.9375,47.7917,25.917007,795,4763,5558,Hari Kerja,Sejuk (10-20°C),14.303706369197553
2012-03-27,Semi,2012,3,0,Selasa,1,Cerah/Berawan,13.256653,15.7827,28.999999999999996,12.541864,531,4571,5102,Hari Kerja,Sejuk (10-20°C),10.407683261466092
2012-03-28,Semi,2012,3,0,Rabu,1,Cerah/Berawan,19.850847,23.5475,48.125,19.541957,674,5024,5698,Hari Kerja,Sejuk (10-20°C),11.828711828711828
2012-03-29,Semi,2012,3,0,Kamis,1,Cerah/Berawan,20.260847000000002,24.1152,43.9167,21.41655,834,5299,6133,Hari Kerja,Hangat (20-30°C),13.598565139409752
2012-03-30,Semi,2012,3,0,Jumat,1,Berkabut/Mendung,15.17,18.78105,58.0833,9.250489,796,4663,5459,Hari Kerja,Sejuk (10-20°C),14.581425169444953
2012-03-31,Semi,2012,3,0,Sabtu,0,Berkabut/Mendung,17.390847,21.0854,73.83330000000001,16.791338999999997,2301,3934,6235,Akhir Pekan/Libur,Sejuk (10-20°C),36.904570970328784
2012-04-01,Semi,2012,4,0,Minggu,0,Berkabut/Mendung,17.459153,20.86435,67.625,11.541889,2347,3694,6041,Akhir Pekan/Libur,Sejuk (10-20°C),38.85118357887767
2012-04-02,Semi,2012,4,0,Senin,1,Cerah/Berawan,17.790433,21.37565,50.4348,20.913313,1208,4728,5936,Hari Kerja,Sejuk (10-20°C),20.350404312668463
2012-04-03,Semi,2012,4,0,Selasa,1,Cerah/Berawan,19.133347,23.07415,39.6667,6.708911,1348,5424,6772,Hari Kerja,Sejuk (10-20°C),19.905493207324277
2012-04-04,Semi,2012,4,0,Rabu,1,Cerah/Berawan,22.208347,26.6725,46.958299999999994,12.125325,1058,5378,6436,Hari Kerja,Hangat (20-30°C),16.438781852082037
2012-04-05,Semi,2012,4,0,Kamis,1,Cerah/Berawan,17.835,21.55815,37.416700000000006,14.708443,1192,5265,6457,Hari Kerja,Sejuk (10-20°C),18.46058541118166
2012-04-06,Semi,2012,4,0,Jumat,1,Cerah/Berawan,16.536653,19.538349999999998,37.7083,20.125996,1807,4653,6460,Hari Kerja,Sejuk (10-20°C),27.972136222910216
2012-04-07,Semi,2012,4,0,Sabtu,0,Cerah/Berawan,17.9375,21.306449999999998,25.4167,18.416356999999998,3252,3605,6857,Akhir Pekan/Libur,Sejuk (10-20°C),47.425988041417526
2012-04-08,Semi,2012,4,0,Minggu,0,Cerah/Berawan,20.5,24.62125,27.5833,15.583931999999999,2230,2939,5169,Akhir Pekan/Libur,Hangat (20-30°C),43.14180692590443
2012-04-09,Semi,2012,4,0,Senin,1,Cerah/Berawan,20.055847,23.8319,31.75,23.999132,905,4680,5585,Hari Kerja,Hangat (20-30°C),16.2041181736795
2012-04-10,Semi,2012,4,0,Selasa,1,Cerah/Berawan,18.313347,21.81165,43.5,16.708125000000003,819,5099,5918,Hari Kerja,Sejuk (10-20°C),13.839134842852316
2012-04-11,Semi,2012,4,0,Rabu,1,Cerah/Berawan,14.296536,16.8637,46.9565,19.783358,482,4380,4862,Hari Kerja,Sejuk (10-20°C),9.913615795968738
2012-04-12,Semi,2012,4,0,Kamis,1,Cerah/Berawan,16.2975,19.3802,46.625,19.458743,663,4746,5409,Hari Kerja,Sejuk (10-20°C),12.2573488630061
2012-04-13,Semi,2012,4,0,Jumat,1,Cerah/Berawan,18.142500000000002,21.590400000000002,40.8333,10.416557,1252,5146,6398,Hari Kerja,Sejuk (10-20°C),19.568615192247577
2012-04-14,Semi,2012,4,0,Sabtu,0,Cerah/Berawan,20.294999999999998,24.3998,50.29169999999999,12.791439,2795,4665,7460,Akhir Pekan/Libur,Hangat (20-30°C),37.466487935656836
2012-04-15,Semi,2012,4,0,Minggu,0,Cerah/Berawan,24.873347,28.69375,50.79169999999999,15.083643,2846,4286,7132,Akhir Pekan/Libur,Hangat (20-30°C),39.904655075715084
2012-04-16,Semi,2012,4,1,Senin,0,Cerah/Berawan,27.230846999999997,30.746250000000003,56.166700000000006,19.083543,1198,5172,6370,Akhir Pekan/Libur,Hangat (20-30°C),18.80690737833595
2012-04-17,Semi,2012,4,0,Selasa,1,Cerah/Berawan,24.941653000000002,29.92435,39.0417,18.333143,989,5702,6691,Hari Kerja,Hangat (20-30°C),14.781049170527574
2012-04-18,Semi,2012,4,0,Rabu,1,Berkabut/Mendung,18.996653,22.8519,56.9167,11.250104,347,4020,4367,Hari Kerja,Sejuk (10-20°C),7.945958323792077
2012-04-19,Semi,2012,4,0,Kamis,1,Cerah/Berawan,20.431653,24.6523,61.25000000000001,4.417256399999999,846,5719,6565,Hari Kerja,Hangat (20-30°C),12.886519421172887
2012-04-20,Semi,2012,4,0,Jumat,1,Cerah/Berawan,21.593347,25.78875,69.4583,10.041357,1340,5950,7290,Hari Kerja,Hangat (20-30°C),18.381344307270233
2012-04-21,Semi,2012,4,0,Sabtu,0,Cerah/Berawan,23.369999999999997,27.14605,68.2917,19.000328999999997,2541,4083,6624,Akhir Pekan/Libur,Hangat (20-30°C),38.36050724637681
2012-04-22,Semi,2012,4,0,Minggu,0,Hujan/Salju Ringan,16.263347,19.4752,83.54169999999999,23.084582,120,907,1027,Akhir Pekan/Libur,Sejuk (10-20°C),11.684518013631937
2012-04-23,Semi,2012,4,0,Senin,1,Berkabut/Mendung,13.188346999999998,15.056249999999999,76.66669999999999,20.334232,195,3019,3214,Hari Kerja,Sejuk (10-20°C),6.067205973864343
2012-04-24,Semi,2012,4,0,Selasa,1,Cerah/Berawan,16.946653,20.26415,45.4167,16.708661,518,5115,5633,Hari Kerja,Sejuk (10-20°C),9.195810402982426
2012-04-25,Semi,2012,4,0,Rabu,1,Cerah/Berawan,19.543347,23.51585,42.7917,7.959064,655,5541,6196,Hari Kerja,Sejuk (10-20°C),10.571336346029698
2012-04-26,Semi,2012,4,0,Kamis,1,Berkabut/Mendung,20.431653,24.17915,75.66669999999999,11.833875,475,4551,5026,Hari Kerja,Hangat (20-30°C),9.450855551134103
2012-04-27,Semi,2012,4,0,Jumat,1,Cerah/Berawan,18.7575,22.63185,40.0833,23.291411,1014,5219,6233,Hari Kerja,Sejuk (10-20°C),16.26824963901813
2012-04-28,Semi,2012,4,0,Sabtu,0,Berkabut/Mendung,15.443347,18.8752,48.9583,8.708325,1120,3100,4220,Akhir Pekan/Libur,Sejuk (10-20°C),26.540284360189574
2012-04-29,Semi,2012,4,0,Minggu,0,Cerah/Berawan,18.791653,22.50605,58.7083,7.8328359999999995,2229,4075,6304,Akhir Pekan/Libur,Sejuk (10-20°C),35.358502538071065
2012-04-30,Semi,2012,4,0,Senin,1,Berkabut/Mendung,19.030847,22.8848,56.99999999999999,11.499746,665,4907,5572,Hari Kerja,Sejuk (10-20°C),11.934673366834172
2012-05-01,Semi,2012,5,0,Selasa,1,Berkabut/Mendung,25.146653,28.85105,65.95830000000001,10.458432,653,5087,5740,Hari Kerja,Hangat (20-30°C),11.376306620209059
2012-05-02,Semi,2012,5,0,Rabu,1,Cerah/Berawan,23.130847,26.894800000000004,79.7083,9.249885999999998,667,5502,6169,Hari Kerja,Hangat (20-30°C),10.812125141838223
2012-05-03,Semi,2012,5,0,Kamis,1,Berkabut/Mendung,22.96,26.862099999999998,76.83330000000001,8.957632,764,5657,6421,Hari Kerja,Hangat (20-30°C),11.898458184083475
2012-05-04,Semi,2012,5,0,Jumat,1,Cerah/Berawan,25.7275,29.54585,73.54169999999999,10.916846,1069,5227,6296,Hari Kerja,Hangat (20-30°C),16.979034307496825
2012-05-05,Semi,2012,5,0,Sabtu,0,Berkabut/Mendung,25.488346999999997,29.2304,75.66669999999999,10.250464,2496,4387,6883,Akhir Pekan/Libur,Hangat (20-30°C),36.26325730059567
2012-05-06,Semi,2012,5,0,Minggu,0,Berkabut/Mendung,23.0625,27.336850000000002,74.0,10.041893,2135,4224,6359,Akhir Pekan/Libur,Hangat (20-30°C),33.57446139330084
2012-05-07,Semi,2012,5,0,Senin,1,Berkabut/Mendung,22.037499999999998,26.3571,66.41669999999999,15.458307000000001,1008,5265,6273,Hari Kerja,Hangat (20-30°C),16.06886657101865
2012-05-08,Semi,2012,5,0,Selasa,1,Berkabut/Mendung,23.848347,27.87355,68.58330000000001,19.833942999999998,738,4990,5728,Hari Kerja,Hangat (20-30°C),12.884078212290504
2012-05-09,Semi,2012,5,0,Rabu,1,Berkabut/Mendung,23.575,27.65125,74.4167,14.499604,620,4097,4717,Hari Kerja,Hangat (20-30°C),13.143947424210303
2012-05-10,Semi,2012,5,0,Kamis,1,Cerah/Berawan,20.739152999999998,24.58915,55.2083,21.042220999999998,1026,5546,6572,Hari Kerja,Hangat (20-30°C),15.611685940353013
2012-05-11,Semi,2012,5,0,Jumat,1,Cerah/Berawan,21.866653,26.04165,36.0417,15.874779,1319,5711,7030,Hari Kerja,Hangat (20-30°C),18.7624466571835
2012-05-12,Semi,2012,5,0,Sabtu,0,Cerah/Berawan,23.130847,27.24085,48.0417,8.249911,2622,4807,7429,Akhir Pekan/Libur,Hangat (20-30°C),35.294117647058826
2012-05-13,Semi,2012,5,0,Minggu,0,Cerah/Berawan,25.1125,29.2619,57.62500000000001,15.082839,2172,3946,6118,Akhir Pekan/Libur,Hangat (20-30°C),35.50179797319385
2012-05-14,Semi,2012,5,0,Senin,1,Berkabut/Mendung,23.506653,27.495000000000005,78.95830000000001,14.250364,342,2501,2843,Hari Kerja,Hangat (20-30°C),12.029546253957088
2012-05-15,Semi,2012,5,0,Selasa,1,Berkabut/Mendung,25.078346999999997,28.8202,79.45830000000001,9.875264,625,4490,5115,Hari Kerja,Hangat (20-30°C),12.218963831867057
2012-05-16,Semi,2012,5,0,Rabu,1,Cerah/Berawan,26.103347,29.798750000000002,69.7917,8.208304,991,6433,7424,Hari Kerja,Hangat (20-30°C),13.348599137931034
2012-05-17,Semi,2012,5,0,Kamis,1,Cerah/Berawan,24.326653,28.630650000000003,52.0,15.374825000000001,1242,6142,7384,Hari Kerja,Hangat (20-30°C),16.82015167930661
2012-05-18,Semi,2012,5,0,Jumat,1,Cerah/Berawan,23.130847,27.55605,52.33330000000001,9.166739,1521,6118,7639,Hari Kerja,Hangat (20-30°C),19.9109831129729
2012-05-19,Semi,2012,5,0,Sabtu,0,Cerah/Berawan,24.599999999999998,28.345399999999998,45.625,5.626325,3410,4884,8294,Akhir Pekan/Libur,Hangat (20-30°C),41.11405835543766
2012-05-20,Semi,2012,5,0,Minggu,0,Cerah/Berawan,25.454152999999998,29.19835,53.041700000000006,17.042589,2704,4425,7129,Akhir Pekan/Libur,Hangat (20-30°C),37.929583391780056
2012-05-21,Semi,2012,5,0,Senin,1,Berkabut/Mendung,24.531653,28.283350000000002,81.125,15.624668,630,3729,4359,Hari Kerja,Hangat (20-30°C),14.45285615966965
2012-05-22,Semi,2012,5,0,Selasa,1,Berkabut/Mendung,25.215,29.04125,76.5833,7.917189,819,5254,6073,Hari Kerja,Hangat (20-30°C),13.485921290959988
2012-05-23,Semi,2012,5,0,Rabu,1,Berkabut/Mendung,25.488346999999997,29.230600000000003,77.45830000000001,6.834,766,4494,5260,Hari Kerja,Hangat (20-30°C),14.562737642585551
2012-05-24,Semi,2012,5,0,Kamis,1,Cerah/Berawan,26.855,30.335,71.6667,11.584031999999999,1059,5711,6770,Hari Kerja,Hangat (20-30°C),15.642540620384047
2012-05-25,Semi,2012,5,0,Jumat,1,Cerah/Berawan,27.880000000000003,31.37645,74.70830000000001,9.41685,1417,5317,6734,Hari Kerja,Hangat (20-30°C),21.042471042471043
2012-05-26,Semi,2012,5,0,Sabtu,0,Cerah/Berawan,28.392500000000002,32.134800000000006,73.25,13.332464,2855,3681,6536,Akhir Pekan/Libur,Hangat (20-30°C),43.68115055079559
2012-05-27,Semi,2012,5,0,Minggu,0,Cerah/Berawan,28.29,32.07125,69.7083,14.416457,3283,3308,6591,Akhir Pekan/Libur,Hangat (20-30°C),49.810347443483536
2012-05-28,Semi,2012,5,1,Senin,0,Cerah/Berawan,29.212500000000002,33.965,67.625,13.166907,2557,3486,6043,Akhir Pekan/Libur,Hangat (20-30°C),42.31342048651332
2012-05-29,Semi,2012,5,0,Selasa,1,Cerah/Berawan,29.622500000000002,33.6496,68.45830000000001,19.7918,880,4863,5743,Hari Kerja,Hangat (20-30°C),15.32300191537524
2012-05-30,Semi,2012,5,0,Rabu,1,Berkabut/Mendung,26.923347,30.55645,67.0,9.000043,745,6110,6855,Hari Kerja,Hangat (20-30°C),10.86797957695113
2012-05-31,Semi,2012,5,0,Kamis,1,Cerah/Berawan,27.880000000000003,31.566450000000003,49.2917,13.083693,1100,6238,7338,Hari Kerja,Hangat (20-30°C),14.990460615971655
2012-06-01,Semi,2012,6,0,Jumat,1,Berkabut/Mendung,26.820847,30.3981,75.5417,15.916720999999999,533,3594,4127,Hari Kerja,Hangat (20-30°C),12.914950327114127
2012-06-02,Semi,2012,6,0,Sabtu,0,Cerah/Berawan,23.916653,28.3144,54.9167,12.499654,2795,5325,8120,Akhir Pekan/Libur,Hangat (20-30°C),34.42118226600985
2012-06-03,Semi,2012,6,0,Minggu,0,Cerah/Berawan,24.7025,28.75665,49.3333,12.333829,2494,5147,7641,Akhir Pekan/Libur,Hangat (20-30°C),32.639706844653844
2012-06-04,Semi,2012,6,0,Senin,1,Cerah/Berawan,24.497500000000002,28.91415,48.7083,19.083811,1071,5927,6998,Hari Kerja,Hangat (20-30°C),15.304372677907974
2012-06-05,Semi,2012,6,0,Selasa,1,Berkabut/Mendung,22.174153,26.294600000000003,61.3333,14.041525,968,6033,7001,Hari Kerja,Hangat (20-30°C),13.82659620054278
2012-06-06,Semi,2012,6,0,Rabu,1,Cerah/Berawan,22.720847,27.1146,61.12499999999999,5.167375,1027,6028,7055,Hari Kerja,Hangat (20-30°C),14.557051736357193
2012-06-07,Semi,2012,6,0,Kamis,1,Cerah/Berawan,24.7025,28.4721,56.7083,10.542449999999999,1038,6456,7494,Hari Kerja,Hangat (20-30°C),13.851080864691752
2012-06-08,Semi,2012,6,0,Jumat,1,Cerah/Berawan,26.615847000000002,29.8931,46.791700000000006,11.750661000000001,1488,6248,7736,Hari Kerja,Hangat (20-30°C),19.23474663908997
2012-06-09,Semi,2012,6,0,Sabtu,0,Cerah/Berawan,29.144153000000003,32.418350000000004,43.7083,9.667229,2708,4790,7498,Akhir Pekan/Libur,Hangat (20-30°C),36.11629767938117
2012-06-10,Semi,2012,6,0,Minggu,0,Cerah/Berawan,29.793346999999997,33.175850000000004,53.833299999999994,8.959307,2224,4374,6598,Akhir Pekan/Libur,Hangat (20-30°C),33.70718399515005
2012-06-11,Semi,2012,6,0,Senin,1,Berkabut/Mendung,29.554153,32.98605,58.791700000000006,13.916771,1017,5647,6664,Hari Kerja,Hangat (20-30°C),15.26110444177671
2012-06-12,Semi,2012,6,0,Selasa,1,Berkabut/Mendung,26.786653,29.89375,83.3333,14.374581999999998,477,4495,4972,Hari Kerja,Hangat (20-30°C),9.593724859211585
2012-06-13,Semi,2012,6,0,Rabu,1,Cerah/Berawan,26.889153,30.55585,58.2083,22.999693,1173,6248,7421,Hari Kerja,Hangat (20-30°C),15.806495081525402
2012-06-14,Semi,2012,6,0,Kamis,1,Cerah/Berawan,26.581653000000003,31.219150000000003,56.958299999999994,17.000111,1180,6183,7363,Hari Kerja,Hangat (20-30°C),16.026076327583866
2012-06-15,Semi,2012,6,0,Jumat,1,Cerah/Berawan,26.205847000000002,29.9877,58.958299999999994,11.833339,1563,6102,7665,Hari Kerja,Hangat (20-30°C),20.391389432485322
2012-06-16,Semi,2012,6,0,Sabtu,0,Cerah/Berawan,25.898346999999998,29.735400000000002,50.416700000000006,11.166689,2963,4739,7702,Akhir Pekan/Libur,Hangat (20-30°C),38.47052713580888
2012-06-17,Semi,2012,6,0,Minggu,0,Cerah/Berawan,24.2925,28.59875,59.875,9.708568,2634,4344,6978,Akhir Pekan/Libur,Hangat (20-30°C),37.747205503009454
2012-06-18,Semi,2012,6,0,Senin,1,Berkabut/Mendung,23.301652999999998,27.2421,77.79169999999999,11.707982000000001,653,4446,5099,Hari Kerja,Hangat (20-30°C),12.806432633849774
2012-06-19,Semi,2012,6,0,Selasa,1,Cerah/Berawan,28.221653,32.7346,69.0,9.917139,968,5857,6825,Hari Kerja,Hangat (20-30°C),14.183150183150184
2012-06-20,Semi,2012,6,0,Rabu,1,Cerah/Berawan,32.082499999999996,36.04875,59.2083,7.625404,872,5339,6211,Hari Kerja,Panas (>30°C),14.039607148607312
2012-06-21,Panas,2012,6,0,Kamis,1,Cerah/Berawan,33.039153,37.6271,56.7917,7.958729,778,5127,5905,Hari Kerja,Panas (>30°C),13.175275190516512
2012-06-22,Panas,2012,6,0,Jumat,1,Cerah/Berawan,31.877499999999998,36.20605,57.375,12.250414000000001,964,4859,5823,Hari Kerja,Panas (>30°C),16.55504035720419
2012-06-23,Panas,2012,6,0,Sabtu,0,Cerah/Berawan,29.998347,32.6396,53.4583,12.041307,2657,4801,7458,Akhir Pekan/Libur,Hangat (20-30°C),35.62617323679271
2012-06-24,Panas,2012,6,0,Minggu,0,Cerah/Berawan,30.476653000000002,33.7127,47.9167,9.750174999999999,2551,4340,6891,Akhir Pekan/Libur,Panas (>30°C),37.019300536932235
2012-06-25,Panas,2012,6,0,Senin,1,Cerah/Berawan,29.349153,32.7021,50.416700000000006,20.125661,1139,5640,6779,Hari Kerja,Hangat (20-30°C),16.801888184097947
2012-06-26,Panas,2012,6,0,Selasa,1,Cerah/Berawan,25.864152999999998,29.7352,37.3333,23.292014,1077,6365,7442,Hari Kerja,Hangat (20-30°C),14.47191615157216
2012-06-27,Panas,2012,6,0,Rabu,1,Cerah/Berawan,28.5975,32.0396,36.0,18.208925,1077,6258,7335,Hari Kerja,Hangat (20-30°C),14.683026584867076
2012-06-28,Panas,2012,6,0,Kamis,1,Cerah/Berawan,30.715847,33.7756,42.25,11.50055,921,5958,6879,Hari Kerja,Panas (>30°C),13.388573920627996
2012-06-29,Panas,2012,6,0,Jumat,1,Cerah/Berawan,34.200847,39.33065,48.875,11.082939000000001,829,4634,5463,Hari Kerja,Panas (>30°C),15.174812374153396
2012-06-30,Panas,2012,6,0,Sabtu,0,Cerah/Berawan,31.365000000000002,34.3754,60.12499999999999,10.791756999999999,1455,4232,5687,Akhir Pekan/Libur,Panas (>30°C),25.58466678389309
2012-07-01,Panas,2012,7,0,Minggu,0,Cerah/Berawan,33.449153,37.53145,51.87500000000001,11.291443000000001,1421,4110,5531,Akhir Pekan/Libur,Panas (>30°C),25.69155668052793
2012-07-02,Panas,2012,7,0,Senin,1,Cerah/Berawan,32.048347,35.1019,44.7083,13.082889,904,5323,6227,Hari Kerja,Panas (>30°C),14.517424120764414
2012-07-03,Panas,2012,7,0,Selasa,1,Cerah/Berawan,32.014153,35.1325,49.2083,8.457878999999998,1052,5608,6660,Hari Kerja,Panas (>30°C),15.795795795795794
2012-07-04,Panas,2012,7,1,Rabu,0,Cerah/Berawan,32.355847,36.61685,53.87499999999999,9.041649999999999,2562,4841,7403,Akhir Pekan/Libur,Panas (>30°C),34.60759151695258
2012-07-05,Panas,2012,7,0,Kamis,1,Cerah/Berawan,33.9275,38.06835,45.7917,12.999943,1405,4836,6241,Hari Kerja,Panas (>30°C),22.51241788174972
2012-07-06,Panas,2012,7,0,Jumat,1,Cerah/Berawan,33.961653,37.62665,45.0833,9.791514,1366,4841,6207,Hari Kerja,Panas (>30°C),22.00741098759465
2012-07-07,Panas,2012,7,0,Sabtu,0,Cerah/Berawan,35.328347,40.24565,49.2083,10.958118,1448,3392,4840,Akhir Pekan/Libur,Panas (>30°C),29.91735537190083
2012-07-08,Panas,2012,7,0,Minggu,0,Cerah/Berawan,33.722500000000004,39.5198,57.375,8.417143,1203,3469,4672,Akhir Pekan/Libur,Panas (>30°C),25.74914383561644
2012-07-09,Panas,2012,7,0,Senin,1,Berkabut/Mendung,29.144153000000003,32.7027,68.3333,12.125325,998,5571,6569,Hari Kerja,Hangat (20-30°C),15.19257116760542
2012-07-10,Panas,2012,7,0,Selasa,1,Berkabut/Mendung,29.554153,33.2398,66.75,10.166379000000001,954,5336,6290,Hari Kerja,Hangat (20-30°C),15.166931637519873
2012-07-11,Panas,2012,7,0,Rabu,1,Cerah/Berawan,29.383347,32.51355,63.3333,10.166111,975,6289,7264,Hari Kerja,Hangat (20-30°C),13.422356828193832
2012-07-12,Panas,2012,7,0,Kamis,1,Cerah/Berawan,29.349153,32.73415,52.9583,9.833924999999999,1032,6414,7446,Hari Kerja,Hangat (20-30°C),13.859790491539082
2012-07-13,Panas,2012,7,0,Jumat,1,Berkabut/Mendung,29.998347,33.39665,48.5833,5.41695,1511,5988,7499,Hari Kerja,Hangat (20-30°C),20.149353247099615
2012-07-14,Panas,2012,7,0,Sabtu,0,Berkabut/Mendung,28.836653,33.3021,69.91669999999999,9.626493,2355,4614,6969,Akhir Pekan/Libur,Hangat (20-30°C),33.792509685751185
2012-07-15,Panas,2012,7,0,Minggu,0,Cerah/Berawan,30.579152999999998,35.259800000000006,71.7917,11.166689,1920,4111,6031,Akhir Pekan/Libur,Panas (>30°C),31.835516498093185
2012-07-16,Panas,2012,7,0,Senin,1,Cerah/Berawan,31.296653000000003,36.206250000000004,64.5,11.000529,1088,5742,6830,Hari Kerja,Panas (>30°C),15.929721815519764
2012-07-17,Panas,2012,7,0,Selasa,1,Cerah/Berawan,33.551653,37.78415,50.583299999999994,7.666743,921,5865,6786,Hari Kerja,Panas (>30°C),13.572060123784263
2012-07-18,Panas,2012,7,0,Rabu,1,Cerah/Berawan,32.526652999999996,37.27915,57.7083,9.208614,799,4914,5713,Hari Kerja,Panas (>30°C),13.985646770523369
2012-07-19,Panas,2012,7,0,Kamis,1,Cerah/Berawan,31.57,35.7321,60.0417,11.083743,888,5703,6591,Hari Kerja,Panas (>30°C),13.47291761492945
2012-07-20,Panas,2012,7,0,Jumat,1,Berkabut/Mendung,27.299153,30.65125,84.4167,14.000789000000001,747,5123,5870,Hari Kerja,Hangat (20-30°C),12.72572402044293
2012-07-21,Panas,2012,7,0,Sabtu,0,Hujan/Salju Ringan,24.429153,27.495599999999996,86.5417,14.2911,1264,3195,4459,Akhir Pekan/Libur,Hangat (20-30°C),28.34716304104059
2012-07-22,Panas,2012,7,0,Minggu,0,Berkabut/Mendung,27.3675,31.156250000000004,76.25,6.2926936,2544,4866,7410,Akhir Pekan/Libur,Hangat (20-30°C),34.33198380566802
2012-07-23,Panas,2012,7,0,Senin,1,Cerah/Berawan,30.408347,34.50085,69.41669999999999,9.291761,1135,5831,6966,Hari Kerja,Panas (>30°C),16.29342520815389
2012-07-24,Panas,2012,7,0,Selasa,1,Cerah/Berawan,30.784153,35.3225,65.5,14.167418,1140,6452,7592,Hari Kerja,Panas (>30°C),15.015806111696522
2012-07-25,Panas,2012,7,0,Rabu,1,Cerah/Berawan,29.690847,32.7027,45.0,11.0416,1383,6790,8173,Hari Kerja,Hangat (20-30°C),16.92157102655084
2012-07-26,Panas,2012,7,0,Kamis,1,Cerah/Berawan,31.843347,36.96315,59.66669999999999,19.082470999999998,1036,5825,6861,Hari Kerja,Panas (>30°C),15.099839673516978
2012-07-27,Panas,2012,7,0,Jumat,1,Cerah/Berawan,32.048347,36.71085,59.458299999999994,10.250464,1259,5645,6904,Hari Kerja,Panas (>30°C),18.235805330243338
2012-07-28,Panas,2012,7,0,Sabtu,0,Cerah/Berawan,30.989152999999998,34.8802,61.3333,10.542449999999999,2234,4451,6685,Akhir Pekan/Libur,Panas (>30°C),33.41810022438295
2012-07-29,Panas,2012,7,0,Minggu,0,Cerah/Berawan,29.588347,33.39665,62.375,11.416532,2153,4444,6597,Akhir Pekan/Libur,Hangat (20-30°C),32.63604668788843
2012-07-30,Panas,2012,7,0,Senin,1,Cerah/Berawan,29.964153,34.24935,66.875,10.292339,1040,6065,7105,Hari Kerja,Hangat (20-30°C),14.637579169598874
2012-07-31,Panas,2012,7,0,Selasa,1,Cerah/Berawan,29.246653,33.144800000000004,70.41669999999999,11.083475,968,6248,7216,Hari Kerja,Hangat (20-30°C),13.414634146341465
2012-08-01,Panas,2012,8,0,Rabu,1,Cerah/Berawan,29.4175,33.3654,67.75,9.458993,1074,6506,7580,Hari Kerja,Hangat (20-30°C),14.168865435356201
2012-08-02,Panas,2012,8,0,Kamis,1,Cerah/Berawan,30.8525,35.354400000000005,65.95830000000001,8.666718,983,6278,7261,Hari Kerja,Panas (>30°C),13.538080154248727
2012-08-03,Panas,2012,8,0,Jumat,1,Berkabut/Mendung,31.399153,36.143350000000005,64.25,14.458064,1328,5847,7175,Hari Kerja,Panas (>30°C),18.50871080139373
2012-08-04,Panas,2012,8,0,Sabtu,0,Cerah/Berawan,32.526652999999996,37.56335,61.3333,17.249686,2345,4479,6824,Akhir Pekan/Libur,Panas (>30°C),34.36400937866354
2012-08-05,Panas,2012,8,0,Minggu,0,Cerah/Berawan,31.535847,36.55395,65.25,19.458206999999998,1707,3757,5464,Akhir Pekan/Libur,Panas (>30°C),31.240849194729137
2012-08-06,Panas,2012,8,0,Senin,1,Berkabut/Mendung,30.8525,35.5123,65.4167,8.666718,1233,5780,7013,Hari Kerja,Panas (>30°C),17.581634108084984
2012-08-07,Panas,2012,8,0,Selasa,1,Berkabut/Mendung,30.169152999999998,34.88105,70.375,7.8328359999999995,1278,5995,7273,Hari Kerja,Panas (>30°C),17.5718410559604
2012-08-08,Panas,2012,8,0,Rabu,1,Berkabut/Mendung,30.75,35.385850000000005,67.29169999999999,7.4169,1263,6271,7534,Hari Kerja,Panas (>30°C),16.764003185558803
2012-08-09,Panas,2012,8,0,Kamis,1,Cerah/Berawan,30.989152999999998,34.9754,62.0417,10.458699999999999,1196,6090,7286,Hari Kerja,Panas (>30°C),16.41504254735108
2012-08-10,Panas,2012,8,0,Jumat,1,Berkabut/Mendung,29.349153,33.3971,71.58330000000001,16.000471,1065,4721,5786,Hari Kerja,Hangat (20-30°C),18.406498444521258
2012-08-11,Panas,2012,8,0,Sabtu,0,Berkabut/Mendung,28.392500000000002,31.91335,73.2917,13.834093,2247,4052,6299,Akhir Pekan/Libur,Hangat (20-30°C),35.67232894110176
2012-08-12,Panas,2012,8,0,Minggu,0,Cerah/Berawan,28.734153000000003,32.22895,53.041700000000006,8.208304,2182,4362,6544,Akhir Pekan/Libur,Hangat (20-30°C),33.343520782396084
2012-08-13,Panas,2012,8,0,Senin,1,Cerah/Berawan,29.554153,33.112700000000004,54.541700000000006,9.126204,1207,5676,6883,Hari Kerja,Hangat (20-30°C),17.535958157780037
2012-08-14,Panas,2012,8,0,Selasa,1,Cerah/Berawan,29.793346999999997,33.838950000000004,68.6667,11.333586,1128,5656,6784,Hari Kerja,Hangat (20-30°C),16.62735849056604
2012-08-15,Panas,2012,8,0,Rabu,1,Cerah/Berawan,28.973347,32.70185,61.9583,11.374657000000001,1198,6149,7347,Hari Kerja,Hangat (20-30°C),16.305975227984213
2012-08-16,Panas,2012,8,0,Kamis,1,Cerah/Berawan,29.485847,32.7344,51.916700000000006,9.500332,1338,6267,7605,Hari Kerja,Hangat (20-30°C),17.59368836291913
2012-08-17,Panas,2012,8,0,Jumat,1,Cerah/Berawan,29.656653,12.120000000000001,57.0833,15.500718,1483,5665,7148,Hari Kerja,Hangat (20-30°C),20.747062115277
2012-08-18,Panas,2012,8,0,Sabtu,0,Cerah/Berawan,27.811653,30.903550000000003,60.3333,11.917089,2827,5038,7865,Akhir Pekan/Libur,Hangat (20-30°C),35.94405594405594
2012-08-19,Panas,2012,8,0,Minggu,0,Berkabut/Mendung,26.069153,30.1777,71.1667,5.79215,1208,3341,4549,Akhir Pekan/Libur,Hangat (20-30°C),26.555286876236533
2012-08-20,Panas,2012,8,0,Senin,1,Berkabut/Mendung,26.069153,29.798350000000003,73.4167,8.708593,1026,5504,6530,Hari Kerja,Hangat (20-30°C),15.712098009188361
2012-08-21,Panas,2012,8,0,Selasa,1,Cerah/Berawan,26.615847000000002,30.051250000000003,67.375,4.8756436,1081,5925,7006,Hari Kerja,Hangat (20-30°C),15.429631744219241
2012-08-22,Panas,2012,8,0,Rabu,1,Cerah/Berawan,27.3675,31.0927,67.7083,4.708981100000001,1094,6281,7375,Hari Kerja,Hangat (20-30°C),14.833898305084745
2012-08-23,Panas,2012,8,0,Kamis,1,Cerah/Berawan,28.529153,31.8504,63.5833,5.6679186,1363,6402,7765,Hari Kerja,Hangat (20-30°C),17.553122987765615
2012-08-24,Panas,2012,8,0,Jumat,1,Berkabut/Mendung,28.802500000000002,32.355000000000004,61.5,4.8337686,1325,6257,7582,Hari Kerja,Hangat (20-30°C),17.475600105513056
2012-08-25,Panas,2012,8,0,Sabtu,0,Berkabut/Mendung,27.128347,30.934800000000003,71.2917,16.375336,1829,4224,6053,Akhir Pekan/Libur,Hangat (20-30°C),30.216421609119443
2012-08-26,Panas,2012,8,0,Minggu,0,Berkabut/Mendung,26.786653,29.799799999999998,84.5833,15.333486,1483,3772,5255,Akhir Pekan/Libur,Hangat (20-30°C),28.220742150333017
2012-08-27,Panas,2012,8,0,Senin,1,Cerah/Berawan,28.836653,32.7344,73.04169999999999,8.625110999999999,989,5928,6917,Hari Kerja,Hangat (20-30°C),14.298106115367935
2012-08-28,Panas,2012,8,0,Selasa,1,Cerah/Berawan,29.861653,33.3025,62.0,12.791975,935,6105,7040,Hari Kerja,Hangat (20-30°C),13.28125
2012-08-29,Panas,2012,8,0,Rabu,1,Cerah/Berawan,28.085,31.786649999999998,55.2083,7.541653999999999,1177,6520,7697,Hari Kerja,Hangat (20-30°C),15.291672080031182
2012-08-30,Panas,2012,8,0,Kamis,1,Cerah/Berawan,28.973347,32.63895,59.0417,5.1668189,1172,6541,7713,Hari Kerja,Hangat (20-30°C),15.195125113444833
2012-08-31,Panas,2012,8,0,Jumat,1,Cerah/Berawan,31.330847000000002,34.47,58.75,11.291711,1433,5917,7350,Hari Kerja,Panas (>30°C),19.49659863945578
2012-09-01,Panas,2012,9,0,Sabtu,0,Berkabut/Mendung,30.886653000000003,35.1327,63.8333,7.5835289999999995,2352,3788,6140,Akhir Pekan/Libur,Panas (>30°C),38.306188925081436
2012-09-02,Panas,2012,9,0,Minggu,0,Berkabut/Mendung,28.563347,32.45,81.5,4.2927436,2613,3197,5810,Akhir Pekan/Libur,Hangat (20-30°C),44.97418244406196
2012-09-03,Panas,2012,9,1,Senin,0,Cerah/Berawan,29.0075,33.081450000000004,79.0833,10.125107,1965,4069,6034,Akhir Pekan/Libur,Hangat (20-30°C),32.56546237984753
2012-09-04,Panas,2012,9,0,Selasa,1,Cerah/Berawan,29.759152999999998,34.3444,75.5,15.833507,867,5997,6864,Hari Kerja,Hangat (20-30°C),12.63111888111888
2012-09-05,Panas,2012,9,0,Rabu,1,Cerah/Berawan,30.203346999999997,35.44915,74.125,12.583136,832,6280,7112,Hari Kerja,Panas (>30°C),11.698537682789652
2012-09-06,Panas,2012,9,0,Kamis,1,Berkabut/Mendung,28.563347,32.766450000000006,81.0417,9.542207,611,5592,6203,Hari Kerja,Hangat (20-30°C),9.85007254554248
2012-09-07,Panas,2012,9,0,Jumat,1,Cerah/Berawan,28.836653,32.8602,73.625,11.500282,1045,6459,7504,Hari Kerja,Hangat (20-30°C),13.92590618336887
2012-09-08,Panas,2012,9,0,Sabtu,0,Berkabut/Mendung,27.025847,30.556050000000003,79.91669999999999,18.833968000000002,1557,4419,5976,Akhir Pekan/Libur,Hangat (20-30°C),26.054216867469883
2012-09-09,Panas,2012,9,0,Minggu,0,Cerah/Berawan,25.009999999999998,28.946250000000003,54.75,15.041232,2570,5657,8227,Akhir Pekan/Libur,Hangat (20-30°C),31.238604594627446
2012-09-10,Panas,2012,9,0,Senin,1,Cerah/Berawan,23.916653,28.2827,50.375,17.333771000000002,1118,6407,7525,Hari Kerja,Hangat (20-30°C),14.857142857142858
2012-09-11,Panas,2012,9,0,Selasa,1,Cerah/Berawan,23.677500000000002,27.7146,52.0,6.1676314,1070,6697,7767,Hari Kerja,Hangat (20-30°C),13.776232779709025
2012-09-12,Panas,2012,9,0,Rabu,1,Cerah/Berawan,24.565847,28.50375,57.7083,8.833682,1050,6820,7870,Hari Kerja,Hangat (20-30°C),13.341804320203304
2012-09-13,Panas,2012,9,0,Kamis,1,Cerah/Berawan,25.1125,28.9779,63.708299999999994,5.5422936,1054,6750,7804,Hari Kerja,Hangat (20-30°C),13.505894413121478
2012-09-14,Panas,2012,9,0,Jumat,1,Cerah/Berawan,25.966653,29.704150000000002,67.25,6.9588209999999995,1379,6630,8009,Hari Kerja,Hangat (20-30°C),17.21812960419528
2012-09-15,Panas,2012,9,0,Sabtu,0,Cerah/Berawan,24.941653000000002,29.29335,50.1667,16.583907,3160,5554,8714,Akhir Pekan/Libur,Hangat (20-30°C),36.26348404865733
2012-09-16,Panas,2012,9,0,Minggu,0,Cerah/Berawan,23.779999999999998,28.15625,56.99999999999999,6.042281099999999,2166,5167,7333,Akhir Pekan/Libur,Hangat (20-30°C),29.537706259375422
2012-09-17,Panas,2012,9,0,Senin,1,Berkabut/Mendung,23.814153,27.652500000000003,73.4583,10.166713999999999,1022,5847,6869,Hari Kerja,Hangat (20-30°C),14.878439365264231
2012-09-18,Panas,2012,9,0,Selasa,1,Berkabut/Mendung,25.556653,28.253349999999998,87.25,23.958329,371,3702,4073,Hari Kerja,Hangat (20-30°C),9.108765038055488
2012-09-19,Panas,2012,9,0,Rabu,1,Cerah/Berawan,22.6525,27.0202,53.6667,14.416725,788,6803,7591,Hari Kerja,Hangat (20-30°C),10.380714003425108
2012-09-20,Panas,2012,9,0,Kamis,1,Cerah/Berawan,22.413347,26.6096,61.8333,7.917189,939,6781,7720,Hari Kerja,Hangat (20-30°C),12.16321243523316
2012-09-21,Panas,2012,9,0,Jumat,1,Cerah/Berawan,24.565847,28.59855,66.875,10.333343000000001,1250,6917,8167,Hari Kerja,Hangat (20-30°C),15.305497734786336
2012-09-22,Panas,2012,9,0,Sabtu,0,Cerah/Berawan,26.650000000000002,30.5244,64.6667,19.000061,2512,5883,8395,Akhir Pekan/Libur,Hangat (20-30°C),29.922572960095295
2012-09-23,Gugur,2012,9,0,Minggu,0,Cerah/Berawan,21.695847,25.946649999999998,46.7083,14.958286000000001,2454,5453,7907,Akhir Pekan/Libur,Hangat (20-30°C),31.035791071202734
2012-09-24,Gugur,2012,9,0,Senin,1,Cerah/Berawan,21.080847000000002,25.12565,49.2917,9.541068000000001,1001,6435,7436,Hari Kerja,Hangat (20-30°C),13.461538461538462
2012-09-25,Gugur,2012,9,0,Selasa,1,Cerah/Berawan,22.55,27.208949999999998,56.99999999999999,15.833507,845,6693,7538,Hari Kerja,Hangat (20-30°C),11.209869992040328
2012-09-26,Gugur,2012,9,0,Rabu,1,Cerah/Berawan,26.035,29.83065,63.083299999999994,16.3748,787,6946,7733,Hari Kerja,Hangat (20-30°C),10.177162808741755
2012-09-27,Gugur,2012,9,0,Kamis,1,Berkabut/Mendung,26.650000000000002,30.398750000000003,69.08330000000001,9.000914,751,6642,7393,Hari Kerja,Hangat (20-30°C),10.158257811443256
2012-09-28,Gugur,2012,9,0,Jumat,1,Berkabut/Mendung,25.385847000000002,29.29315,69.0,10.999993,1045,6370,7415,Hari Kerja,Hangat (20-30°C),14.093054619015511
2012-09-29,Gugur,2012,9,0,Sabtu,0,Cerah/Berawan,22.2425,26.5148,54.2917,15.249468,2589,5966,8555,Akhir Pekan/Libur,Hangat (20-30°C),30.26300409117475
2012-09-30,Gugur,2012,9,0,Minggu,0,Cerah/Berawan,21.593347,25.88315,58.3333,9.042186,2015,4874,6889,Akhir Pekan/Libur,Hangat (20-30°C),29.24952823341559
2012-10-01,Gugur,2012,10,0,Senin,1,Berkabut/Mendung,21.354153,25.6,64.9167,6.0838814,763,6015,6778,Hari Kerja,Hangat (20-30°C),11.257007966951903
2012-10-02,Gugur,2012,10,0,Selasa,1,Hujan/Salju Ringan,24.224153,27.116649999999996,87.16669999999999,6.9998249999999995,315,4324,4639,Hari Kerja,Hangat (20-30°C),6.790256520801898
2012-10-03,Gugur,2012,10,0,Rabu,1,Berkabut/Mendung,26.9575,29.95665,79.375,4.4585686,728,6844,7572,Hari Kerja,Hangat (20-30°C),9.614368726888536
2012-10-04,Gugur,2012,10,0,Kamis,1,Berkabut/Mendung,26.9575,30.398750000000003,72.2917,7.875582,891,6437,7328,Hari Kerja,Hangat (20-30°C),12.158842794759824
2012-10-05,Gugur,2012,10,0,Jumat,1,Cerah/Berawan,25.215,29.00935,62.74999999999999,7.12545,1516,6640,8156,Hari Kerja,Hangat (20-30°C),18.587542913192742
2012-10-06,Gugur,2012,10,0,Sabtu,0,Cerah/Berawan,22.720847,26.92605,66.41669999999999,17.957675000000002,3031,4934,7965,Akhir Pekan/Libur,Hangat (20-30°C),38.05398618957941
2012-10-07,Gugur,2012,10,0,Minggu,0,Berkabut/Mendung,17.049153,20.99065,70.8333,9.457854000000001,781,2729,3510,Akhir Pekan/Libur,Sejuk (10-20°C),22.25071225071225
2012-10-08,Gugur,2012,10,1,Senin,0,Berkabut/Mendung,15.716652999999999,19.3804,70.9583,12.708492999999999,874,4604,5478,Akhir Pekan/Libur,Sejuk (10-20°C),15.954728002920774
2012-10-09,Gugur,2012,10,0,Selasa,1,Berkabut/Mendung,18.313347,21.9056,76.16669999999999,12.7501,601,5791,6392,Hari Kerja,Sejuk (10-20°C),9.402377972465583
2012-10-10,Gugur,2012,10,0,Rabu,1,Cerah/Berawan,21.080847000000002,25.1571,63.083299999999994,12.584007,780,6911,7691,Hari Kerja,Hangat (20-30°C),10.141724093095826
2012-10-11,Gugur,2012,10,0,Kamis,1,Cerah/Berawan,17.835,21.55835,46.3333,12.166932000000001,834,6736,7570,Hari Kerja,Sejuk (10-20°C),11.017173051519155
2012-10-12,Gugur,2012,10,0,Jumat,1,Cerah/Berawan,17.9375,21.65355,53.91669999999999,15.751164,1060,6222,7282,Hari Kerja,Sejuk (10-20°C),14.55644053831365
2012-10-13,Gugur,2012,10,0,Sabtu,0,Cerah/Berawan,16.126653,19.5698,49.4583,9.791514,2252,4857,7109,Akhir Pekan/Libur,Sejuk (10-20°C),31.67815445210297
2012-10-14,Gugur,2012,10,0,Minggu,0,Cerah/Berawan,21.388347,25.4102,64.0417,18.667004000000002,2080,4559,6639,Akhir Pekan/Libur,Hangat (20-30°C),31.330019581262235
2012-10-15,Gugur,2012,10,0,Senin,1,Berkabut/Mendung,23.028347,26.9575,70.75,19.834478999999998,760,5115,5875,Hari Kerja,Hangat (20-30°C),12.936170212765957
2012-10-16,Gugur,2012,10,0,Selasa,1,Cerah/Berawan,19.201653,23.042299999999997,55.833299999999994,12.208807,922,6612,7534,Hari Kerja,Sejuk (10-20°C),12.237855057074595
2012-10-17,Gugur,2012,10,0,Rabu,1,Cerah/Berawan,18.689153,22.5054,69.2917,6.791857,979,6482,7461,Hari Kerja,Sejuk (10-20°C),13.121565473797078
2012-10-18,Gugur,2012,10,0,Kamis,1,Berkabut/Mendung,21.4225,25.63125,72.8333,15.874779,1008,6501,7509,Hari Kerja,Hangat (20-30°C),13.423891330403514
2012-10-19,Gugur,2012,10,0,Jumat,1,Berkabut/Mendung,23.096653,26.894800000000004,81.5,9.041917999999999,753,4671,5424,Hari Kerja,Hangat (20-30°C),13.882743362831858
2012-10-20,Gugur,2012,10,0,Sabtu,0,Cerah/Berawan,19.850847,23.6421,57.2917,7.874979,2806,5284,8090,Akhir Pekan/Libur,Sejuk (10-20°C),34.684796044499386
2012-10-21,Gugur,2012,10,0,Minggu,0,Cerah/Berawan,19.030847,22.82145,51.0,11.125618000000001,2132,4692,6824,Akhir Pekan/Libur,Sejuk (10-20°C),31.242672919109026
2012-10-22,Gugur,2012,10,0,Senin,1,Cerah/Berawan,19.9875,24.1471,56.833299999999994,5.4593811,830,6228,7058,Hari Kerja,Sejuk (10-20°C),11.759705298951545
2012-10-23,Gugur,2012,10,0,Selasa,1,Cerah/Berawan,22.310847,26.5152,64.16669999999999,6.3345686,841,6625,7466,Hari Kerja,Hangat (20-30°C),11.264398607018483
2012-10-24,Gugur,2012,10,0,Rabu,1,Cerah/Berawan,24.087500000000002,27.93605,63.625,4.8762064,795,6898,7693,Hari Kerja,Hangat (20-30°C),10.334069933705967
2012-10-25,Gugur,2012,10,0,Kamis,1,Berkabut/Mendung,22.55,26.4844,80.0417,8.333125,875,6484,7359,Hari Kerja,Hangat (20-30°C),11.890202473162114
2012-10-26,Gugur,2012,10,0,Jumat,1,Berkabut/Mendung,22.379153000000002,26.137500000000003,80.7083,8.875289,1182,6262,7444,Hari Kerja,Hangat (20-30°C),15.878559914024718
2012-10-27,Gugur,2012,10,0,Sabtu,0,Berkabut/Mendung,21.73,25.756649999999997,72.0,15.791364000000002,2643,5209,7852,Akhir Pekan/Libur,Hangat (20-30°C),33.6602139582272
2012-10-28,Gugur,2012,10,0,Minggu,0,Berkabut/Mendung,19.5775,23.38855,69.4583,26.666535999999997,998,3461,4459,Akhir Pekan/Libur,Sejuk (10-20°C),22.38169993272034
2012-10-29,Gugur,2012,10,0,Senin,1,Hujan/Salju Ringan,18.04,21.97,88.0,23.9994,2,20,22,Hari Kerja,Sejuk (10-20°C),9.090909090909092
2012-10-30,Gugur,2012,10,0,Selasa,1,Berkabut/Mendung,13.045462,15.49545,82.5455,14.271603,87,1009,1096,Hari Kerja,Sejuk (10-20°C),7.937956204379562
2012-10-31,Gugur,2012,10,0,Rabu,1,Berkabut/Mendung,14.657499999999999,18.055,66.6667,11.166689,419,5147,5566,Hari Kerja,Sejuk (10-20°C),7.527847646424722
2012-11-01,Gugur,2012,11,0,Kamis,1,Berkabut/Mendung,14.999153000000002,18.4971,58.166700000000006,10.542182,466,5520,5986,Hari Kerja,Sejuk (10-20°C),7.784831272970264
2012-11-02,Gugur,2012,11,0,Jumat,1,Cerah/Berawan,14.555,17.802100000000003,52.208299999999994,17.833725,618,5229,5847,Hari Kerja,Sejuk (10-20°C),10.569522832221653
2012-11-03,Gugur,2012,11,0,Sabtu,0,Berkabut/Mendung,14.076653,16.1923,49.125,18.125443,1029,4109,5138,Akhir Pekan/Libur,Sejuk (10-20°C),20.02724795640327
2012-11-04,Gugur,2012,11,0,Minggu,0,Cerah/Berawan,13.359153,16.4769,53.2917,12.000236,1201,3906,5107,Akhir Pekan/Libur,Sejuk (10-20°C),23.516741727041314
2012-11-05,Gugur,2012,11,0,Senin,1,Cerah/Berawan,13.085847,15.403749999999999,49.416700000000006,15.833775000000001,378,4881,5259,Hari Kerja,Sejuk (10-20°C),7.187678265830005
2012-11-06,Gugur,2012,11,0,Selasa,1,Cerah/Berawan,11.514153,14.07835,56.7083,11.625371,466,5220,5686,Hari Kerja,Sejuk (10-20°C),8.195568061906437
2012-11-07,Gugur,2012,11,0,Rabu,1,Berkabut/Mendung,12.129153,13.73105,54.75,20.375236,326,4709,5035,Hari Kerja,Sejuk (10-20°C),6.4746772591857
2012-11-08,Gugur,2012,11,0,Kamis,1,Cerah/Berawan,14.439134,17.09455,33.3478,23.304945,340,4975,5315,Hari Kerja,Sejuk (10-20°C),6.3969896519285045
2012-11-09,Gugur,2012,11,0,Jumat,1,Cerah/Berawan,14.828347,17.77065,54.0833,14.375386,709,5283,5992,Hari Kerja,Sejuk (10-20°C),11.832443257676903
2012-11-10,Gugur,2012,11,0,Sabtu,0,Cerah/Berawan,15.955846999999999,19.696849999999998,64.5417,3.8756686,2090,4446,6536,Akhir Pekan/Libur,Sejuk (10-20°C),31.976744186046513
2012-11-11,Gugur,2012,11,0,Minggu,0,Cerah/Berawan,17.254153000000002,21.08565,65.91669999999999,8.5425,2290,4562,6852,Akhir Pekan/Libur,Sejuk (10-20°C),33.42089900758903
2012-11-12,Gugur,2012,11,1,Senin,0,Cerah/Berawan,19.884999999999998,23.76915,74.16669999999999,11.625639,1097,5172,6269,Akhir Pekan/Libur,Sejuk (10-20°C),17.49880363694369
2012-11-13,Gugur,2012,11,0,Selasa,1,Berkabut/Mendung,14.076653,16.16125,66.29169999999999,22.917082,327,3767,4094,Hari Kerja,Sejuk (10-20°C),7.987298485588666
2012-11-14,Gugur,2012,11,0,Rabu,1,Cerah/Berawan,11.855847,14.07815,55.2083,13.374875,373,5122,5495,Hari Kerja,Sejuk (10-20°C),6.787989080982712
2012-11-15,Gugur,2012,11,0,Kamis,1,Berkabut/Mendung,13.188346999999998,16.2246,62.0417,10.250129000000001,320,5125,5445,Hari Kerja,Sejuk (10-20°C),5.876951331496786
2012-11-16,Gugur,2012,11,0,Jumat,1,Cerah/Berawan,14.145,17.3602,52.4583,11.458675000000001,484,5214,5698,Hari Kerja,Sejuk (10-20°C),8.494208494208493
2012-11-17,Gugur,2012,11,0,Sabtu,0,Cerah/Berawan,13.325000000000001,16.31915,54.541700000000006,12.041843,1313,4316,5629,Akhir Pekan/Libur,Sejuk (10-20°C),23.325635103926096
2012-11-18,Gugur,2012,11,0,Minggu,0,Cerah/Berawan,14.0425,16.8873,69.2917,15.250004,922,3747,4669,Akhir Pekan/Libur,Sejuk (10-20°C),19.747269222531592
2012-11-19,Gugur,2012,11,0,Senin,1,Berkabut/Mendung,15.614152999999998,18.78105,62.3333,15.749489,449,5050,5499,Hari Kerja,Sejuk (10-20°C),8.165120931078377
2012-11-20,Gugur,2012,11,0,Selasa,1,Berkabut/Mendung,15.340847000000002,19.03335,68.5,5.542575,534,5100,5634,Hari Kerja,Sejuk (10-20°C),9.478168264110757
2012-11-21,Gugur,2012,11,0,Rabu,1,Cerah/Berawan,14.486653,18.2446,61.375,6.917482000000001,615,4531,5146,Hari Kerja,Sejuk (10-20°C),11.951029926156238
2012-11-22,Gugur,2012,11,1,Kamis,0,Cerah/Berawan,13.940000000000001,17.518549999999998,58.0417,3.5423436,955,1470,2425,Akhir Pekan/Libur,Sejuk (10-20°C),39.381443298969074
2012-11-23,Gugur,2012,11,0,Jumat,1,Cerah/Berawan,15.101653,18.93895,56.875,9.917407,1603,2307,3910,Hari Kerja,Sejuk (10-20°C),40.99744245524297
2012-11-24,Gugur,2012,11,0,Sabtu,0,Cerah/Berawan,11.411653,12.4371,40.4583,25.250357,532,1745,2277,Akhir Pekan/Libur,Sejuk (10-20°C),23.364075537988583
2012-11-25,Gugur,2012,11,0,Minggu,0,Cerah/Berawan,10.079153,12.879150000000001,46.8333,10.083499999999999,309,2115,2424,Akhir Pekan/Libur,Sejuk (10-20°C),12.747524752475247
2012-11-26,Gugur,2012,11,0,Senin,1,Cerah/Berawan,12.846652999999998,16.950200000000002,53.541700000000006,3.1255499999999996,337,4750,5087,Hari Kerja,Sejuk (10-20°C),6.62472970316493
2012-11-27,Gugur,2012,11,0,Selasa,1,Berkabut/Mendung,11.958347,14.0779,78.6667,15.916654,123,3836,3959,Hari Kerja,Sejuk (10-20°C),3.1068451629199294
2012-11-28,Gugur,2012,11,0,Rabu,1,Cerah/Berawan,12.163347,14.488100000000001,50.625,14.125007,198,5062,5260,Hari Kerja,Sejuk (10-20°C),3.76425855513308
2012-11-29,Gugur,2012,11,0,Kamis,1,Cerah/Berawan,11.51567,14.921100000000001,55.565200000000004,7.739974,243,5080,5323,Hari Kerja,Sejuk (10-20°C),4.565094871313169
2012-11-30,Gugur,2012,11,0,Jumat,1,Cerah/Berawan,12.231653000000001,16.193350000000002,64.95830000000001,3.9175436,362,5306,5668,Hari Kerja,Sejuk (10-20°C),6.386732533521525
2012-12-01,Gugur,2012,12,0,Sabtu,0,Berkabut/Mendung,12.231653000000001,15.8452,80.6667,4.0001814,951,4240,5191,Akhir Pekan/Libur,Sejuk (10-20°C),18.32016952417646
2012-12-02,Gugur,2012,12,0,Minggu,0,Berkabut/Mendung,14.247499999999999,17.9604,82.3333,8.333393000000001,892,3757,4649,Akhir Pekan/Libur,Sejuk (10-20°C),19.186921918692192
2012-12-03,Gugur,2012,12,0,Senin,1,Cerah/Berawan,18.552500000000002,22.7898,76.75,5.5422936,555,5679,6234,Hari Kerja,Sejuk (10-20°C),8.902791145332051
2012-12-04,Gugur,2012,12,0,Selasa,1,Cerah/Berawan,19.509153,23.4527,73.375,11.666643,551,6055,6606,Hari Kerja,Sejuk (10-20°C),8.34090221011202
2012-12-05,Gugur,2012,12,0,Rabu,1,Cerah/Berawan,17.971653,21.4006,48.5,21.709407,331,5398,5729,Hari Kerja,Sejuk (10-20°C),5.777622621748996
2012-12-06,Gugur,2012,12,0,Kamis,1,Cerah/Berawan,10.489152999999998,12.9102,50.875,11.708518,340,5035,5375,Hari Kerja,Sejuk (10-20°C),6.325581395348837
2012-12-07,Gugur,2012,12,0,Jumat,1,Berkabut/Mendung,13.154152999999999,16.097900000000003,76.4167,8.7502,349,4659,5008,Hari Kerja,Sejuk (10-20°C),6.968849840255591
2012-12-08,Gugur,2012,12,0,Sabtu,0,Berkabut/Mendung,15.648347,19.4754,91.125,6.792393,1153,4429,5582,Akhir Pekan/Libur,Sejuk (10-20°C),20.655678968111786
2012-12-09,Gugur,2012,12,0,Minggu,0,Berkabut/Mendung,15.750846999999998,19.5073,90.5417,10.584325,441,2787,3228,Akhir Pekan/Libur,Sejuk (10-20°C),13.661710037174721
2012-12-10,Gugur,2012,12,0,Senin,1,Berkabut/Mendung,17.869153,21.77875,92.5,12.750636,329,4841,5170,Hari Kerja,Sejuk (10-20°C),6.363636363636363
2012-12-11,Gugur,2012,12,0,Selasa,1,Berkabut/Mendung,14.486653,16.91815,59.66669999999999,19.834478999999998,282,5219,5501,Hari Kerja,Sejuk (10-20°C),5.126340665333576
2012-12-12,Gugur,2012,12,0,Rabu,1,Berkabut/Mendung,12.1975,14.8669,53.833299999999994,10.916779,310,5009,5319,Hari Kerja,Sejuk (10-20°C),5.828163188569279
2012-12-13,Gugur,2012,12,0,Kamis,1,Cerah/Berawan,12.129153,14.7094,48.5833,11.666643,425,5107,5532,Hari Kerja,Sejuk (10-20°C),7.682574114244396
2012-12-14,Gugur,2012,12,0,Jumat,1,Cerah/Berawan,11.548347,14.7096,64.29169999999999,8.792343,429,5182,5611,Hari Kerja,Sejuk (10-20°C),7.645695954375334
2012-12-15,Gugur,2012,12,0,Sabtu,0,Cerah/Berawan,13.290847,16.91915,65.0417,7.12545,767,4280,5047,Akhir Pekan/Libur,Sejuk (10-20°C),15.197146819893007
2012-12-16,Gugur,2012,12,0,Minggu,0,Berkabut/Mendung,14.862499999999999,18.4969,83.875,6.749714,538,3248,3786,Akhir Pekan/Libur,Sejuk (10-20°C),14.210248283148442
2012-12-17,Gugur,2012,12,0,Senin,1,Berkabut/Mendung,16.126653,20.075000000000003,90.7083,6.583306100000001,212,4373,4585,Hari Kerja,Sejuk (10-20°C),4.623773173391494
2012-12-18,Gugur,2012,12,0,Selasa,1,Cerah/Berawan,16.844153,20.485400000000002,66.625,14.834067999999998,433,5124,5557,Hari Kerja,Sejuk (10-20°C),7.791974086737448
2012-12-19,Gugur,2012,12,0,Rabu,1,Cerah/Berawan,13.6325,17.1081,62.5417,12.334164000000001,333,4934,5267,Hari Kerja,Sejuk (10-20°C),6.322384659198785
2012-12-20,Gugur,2012,12,0,Kamis,1,Berkabut/Mendung,13.530000000000001,16.760849999999998,66.79169999999999,8.875021,314,3814,4128,Hari Kerja,Sejuk (10-20°C),7.6065891472868215
2012-12-21,Dingin,2012,12,0,Jumat,1,Berkabut/Mendung,13.393346999999999,15.08835,55.666700000000006,25.083661000000003,221,3402,3623,Hari Kerja,Sejuk (10-20°C),6.099917195694176
2012-12-22,Dingin,2012,12,0,Sabtu,0,Cerah/Berawan,10.899153,11.80565,44.125,27.292182,205,1544,1749,Akhir Pekan/Libur,Sejuk (10-20°C),11.720983419096626
2012-12-23,Dingin,2012,12,0,Minggu,0,Cerah/Berawan,10.079153,12.97355,51.5417,8.916561,408,1379,1787,Akhir Pekan/Libur,Sejuk (10-20°C),22.831561275881366
2012-12-24,Dingin,2012,12,0,Senin,1,Berkabut/Mendung,9.483464,12.945,79.1304,5.1744368000000005,174,746,920,Hari Kerja,Dingin (<10°C),18.913043478260867
2012-12-25,Dingin,2012,12,1,Selasa,0,Berkabut/Mendung,11.943464,14.723249999999998,73.47829999999999,11.304642,440,573,1013,Akhir Pekan/Libur,Sejuk (10-20°C),43.43534057255676
2012-12-26,Dingin,2012,12,0,Rabu,1,Hujan/Salju Ringan,9.976652999999999,11.01665,82.3333,21.208582,9,432,441,Hari Kerja,Dingin (<10°C),2.0408163265306123
2012-12-27,Dingin,2012,12,0,Kamis,1,Berkabut/Mendung,10.420846999999998,11.3321,65.29169999999999,23.458911,247,1867,2114,Hari Kerja,Sejuk (10-20°C),11.684011352885525
2012-12-28,Dingin,2012,12,0,Jumat,1,Berkabut/Mendung,10.386652999999999,12.7523,59.0,10.416557,644,2451,3095,Hari Kerja,Sejuk (10-20°C),20.807754442649433
2012-12-29,Dingin,2012,12,0,Sabtu,0,Berkabut/Mendung,10.386652999999999,12.120000000000001,75.29169999999999,8.333661,159,1182,1341,Akhir Pekan/Libur,Sejuk (10-20°C),11.856823266219239
2012-12-30,Dingin,2012,12,0,Minggu,0,Cerah/Berawan,10.489152999999998,11.584999999999999,48.3333,23.500518,364,1432,1796,Akhir Pekan/Libur,Sejuk (10-20°C),20.26726057906459
2012-12-31,Dingin,2012,12,0,Senin,1,Berkabut/Mendung,8.849153,11.17435,57.75,10.374682,439,2290,2729,Hari Kerja,Dingin (<10°C),16.0864785635764
